Term,NES_ciao,FDR_q_val_ciao,NES_swiss_cent_healthy,FDR_q_val_swiss_cent_healthy
GOBP_ACTIN_FILAMENT_BASED_PROCESS,0.7829597283550206,0.9563062108121345,1.1074660496108455,0.5948567346632608
GOBP_ACTIN_FILAMENT_ORGANIZATION,0.8332268808235492,0.9267008103103231,0.7650785117024828,0.9303042811115523
GOBP_ACTIN_FILAMENT_POLYMERIZATION,0.9077235058804867,0.8898094201424528,0.6568321024292899,0.9606355176569443
GOBP_ACTIN_POLYMERIZATION_OR_DEPOLYMERIZATION,0.9720884557398952,0.8494889978730011,0.7632347032817357,0.9289272379496761
GOBP_ACTIVATED_T_CELL_PROLIFERATION,0.8355594048049698,0.9263458656914537,1.3970619556939425,0.3863919145438687
GOBP_ACTIVATION_OF_IMMUNE_RESPONSE,1.2190714023882403,0.5865126559738127,1.1277976528329539,0.5735864216557266
GOBP_ACTIVATION_OF_INNATE_IMMUNE_RESPONSE,0.7433679082000492,0.9651887011873446,0.8873284277716589,0.860559093866225
GOBP_ACUTE_INFLAMMATORY_RESPONSE,1.9258628600965342,0.02322090759786887,1.0340213613728328,0.6921788875934908
GOBP_ACUTE_PHASE_RESPONSE,1.937502170162557,0.022623741194437146,1.309080092091107,0.44083934362410976
GOBP_ADAPTIVE_IMMUNE_RESPONSE,1.21405356270413,0.5957970114873118,1.2550170873338693,0.4613873262230594
GOBP_ADAPTIVE_IMMUNE_RESPONSE_BASED_ON_SOMATIC_RECOMBINATION_OF_IMMUNE_RECEPTORS_BUILT_FROM_IMMUNOGLOBULIN_SUPERFAMILY_DOMAINS,1.1566119076903543,0.6707495122269178,1.2389898820120033,0.48154831515421154
GOBP_ADULT_BEHAVIOR,1.0402647770709288,0.7890728974124912,0.7432852413023137,0.9393590563720691
GOBP_ALPHA_BETA_T_CELL_ACTIVATION,0.7051886789392975,0.9776823369826421,1.0801099627627082,0.6431752511558536
GOBP_AMEBOIDAL_TYPE_CELL_MIGRATION,0.9033999267385824,0.8933705645962261,1.0816828154852576,0.6396682667074497
GOBP_AMIDE_TRANSPORT,1.276053155286252,0.5193677742224878,0.8650876218491637,0.8723291445393473
GOBP_AMINOGLYCAN_METABOLIC_PROCESS,1.7129791013529094,0.13497229208283198,1.5147135051140452,0.34248056141619254
GOBP_ANATOMICAL_STRUCTURE_FORMATION_INVOLVED_IN_MORPHOGENESIS,1.3907030471351276,0.3994689262134431,1.2367556208133654,0.4795989082480031
GOBP_ANATOMICAL_STRUCTURE_MATURATION,1.3339418615853542,0.44705130225447287,0.8380090764734994,0.8944051254647414
GOBP_ANIMAL_ORGAN_MORPHOGENESIS,1.6185904453524755,0.22348710699259194,1.1647354967090764,0.5433052875409926
GOBP_ANIMAL_ORGAN_REGENERATION,1.2452826629573195,0.5533772064265844,1.1254994209514926,0.575242476099973
GOBP_ANTIGEN_PROCESSING_AND_PRESENTATION,0.7402230208553142,0.9665066708602901,0.8157832262892902,0.9049842465868132
GOBP_ANTIGEN_RECEPTOR_MEDIATED_SIGNALING_PATHWAY,0.7570168865381018,0.9646452236961746,1.2427783571790574,0.4768669556240681
GOBP_ANTIMICROBIAL_HUMORAL_IMMUNE_RESPONSE_MEDIATED_BY_ANTIMICROBIAL_PEPTIDE,1.9749661013370325,0.015697572737267733,1.6516057057135076,0.19203096270085956
GOBP_ANTIMICROBIAL_HUMORAL_RESPONSE,2.104907723377031,0.0029133468328018256,1.6615774556898248,0.2244761054010935
GOBP_APOPTOTIC_CELL_CLEARANCE,1.4783487922627725,0.3374882304735167,0.8735207202323491,0.8704654032842822
GOBP_ARTERY_DEVELOPMENT,1.484985282044302,0.3295269655135195,0.7262617604653584,0.9439639828091728
GOBP_ARTERY_MORPHOGENESIS,1.8854129875471337,0.03743465621821584,0.9272566289389884,0.8118177083841341
GOBP_ASTROCYTE_DEVELOPMENT,1.2133547715330801,0.5942612338496704,1.2888958037769924,0.44633392451854687
GOBP_ASTROCYTE_DIFFERENTIATION,1.2254561659800645,0.5776846862155202,1.3001334789838852,0.43675976872594197
GOBP_AXON_DEVELOPMENT,1.1060600820124165,0.7225828482056729,0.6166062995138183,0.973840361647831
GOBP_AXON_EXTENSION,1.0293179447686402,0.7970635440704134,0.5190010123789617,0.9894171086362369
GOBP_BEHAVIOR,1.1202739287916088,0.7105063052956743,1.2182586338347041,0.49957680569529633
GOBP_BIOLOGICAL_PROCESS_INVOLVED_IN_INTERACTION_WITH_HOST,1.2654349772391473,0.5271430059835174,1.2607104297779,0.45463269907882264
GOBP_BIOLOGICAL_PROCESS_INVOLVED_IN_SYMBIOTIC_INTERACTION,1.3804644063514335,0.4136960790905287,1.1942000348630304,0.5206770671059037
GOBP_BIOMINERAL_TISSUE_DEVELOPMENT,1.3483517942948418,0.4329143029629051,1.3824602937047048,0.37971583345209087
GOBP_BLOOD_VESSEL_ENDOTHELIAL_CELL_MIGRATION,0.9516129683773986,0.8606877440058138,1.0273530680197696,0.7003724417080645
GOBP_BLOOD_VESSEL_MORPHOGENESIS,1.5677259926677976,0.26336986901596254,1.1604538172484031,0.5396212165976609
GOBP_BONE_DEVELOPMENT,1.6562095632566578,0.18616384134397604,0.6735340651188133,0.9580782256726263
GOBP_BONE_REMODELING,1.3600192914857796,0.4245381040859759,1.549516009482057,0.3395669462393248
GOBP_BONE_RESORPTION,1.1935419339923243,0.6195586693874607,1.3799296460357715,0.37522900031869777
GOBP_BRANCHING_MORPHOGENESIS_OF_AN_EPITHELIAL_TUBE,1.46110561943287,0.3475611435552684,0.9013488328951698,0.8440261798383225
GOBP_B_CELL_ACTIVATION,0.90118040534663,0.8959830886081819,0.9417498594360181,0.7987939964718488
GOBP_B_CELL_ACTIVATION_INVOLVED_IN_IMMUNE_RESPONSE,1.017376458671174,0.8147117092862731,1.1876359289771645,0.5196753083317505
GOBP_B_CELL_DIFFERENTIATION,1.0312066019411992,0.7984312819759868,0.8456708769204229,0.8906055693349199
GOBP_B_CELL_MEDIATED_IMMUNITY,1.4122800876310937,0.3995089024718172,0.9526774817641737,0.7955612641316229
GOBP_B_CELL_PROLIFERATION,0.6002446321809206,0.9892001889106061,0.8854797839209646,0.8593197803009359
GOBP_CALCIUM_ION_HOMEOSTASIS,1.0882188354387459,0.7350764813657803,1.1833932549039947,0.5196376224285462
GOBP_CALCIUM_ION_TRANSMEMBRANE_IMPORT_INTO_CYTOSOL,0.9533917381514896,0.8635957301043999,1.4233669601526415,0.38967786182987124
GOBP_CALCIUM_ION_TRANSMEMBRANE_TRANSPORT,0.9629013713501802,0.8557838206031979,1.396994202514416,0.3827306822013132
GOBP_CALCIUM_ION_TRANSPORT,0.8171227147886629,0.9324333071510434,1.1129777592232515,0.5886602868007638
GOBP_CANONICAL_WNT_SIGNALING_PATHWAY,1.292896565399378,0.49794296494030726,1.0600482029312999,0.6632837643902891
GOBP_CARBOHYDRATE_DERIVATIVE_CATABOLIC_PROCESS,1.0932758268102185,0.730526525690118,1.3982730535545267,0.39040663378774637
GOBP_CARBOHYDRATE_HOMEOSTASIS,0.8299894641934601,0.9316361566880795,1.0388564239589957,0.6870109940528534
GOBP_CARDIAC_MUSCLE_TISSUE_DEVELOPMENT,1.3254235472527016,0.45693938226054115,1.2220510105632558,0.49939434562820056
GOBP_CARDIOCYTE_DIFFERENTIATION,1.2262133965729913,0.5773164388695611,0.8300332332224527,0.8998204170917079
GOBP_CARTILAGE_DEVELOPMENT,1.5831768619692925,0.24739447967607084,1.30099209418297,0.4431872541847829
GOBP_CELLULAR_COMPONENT_DISASSEMBLY,0.9475983383150088,0.8607810341998617,1.2770982425880313,0.45044816353357897
GOBP_CELLULAR_DEFENSE_RESPONSE,1.5311502369320673,0.295915753196457,0.9304124695424735,0.8133899254972683
GOBP_CELLULAR_EXTRAVASATION,0.6546651835362656,0.9814614107112372,0.9592819383828205,0.7907267209309595
GOBP_CELLULAR_HOMEOSTASIS,0.8493400136982817,0.9237734277419126,1.1915468763629378,0.5164390458848588
GOBP_CELLULAR_RESPONSE_TO_ABIOTIC_STIMULUS,0.743749467569991,0.9652548430363758,1.0788214573231336,0.6457727835834985
GOBP_CELLULAR_RESPONSE_TO_BIOTIC_STIMULUS,1.167400159348935,0.6594635435369413,1.1676100645723213,0.5371830935851706
GOBP_CELLULAR_RESPONSE_TO_CARBOHYDRATE_STIMULUS,1.1486179705316162,0.6725371264629296,0.8655700442840765,0.872662748062877
GOBP_CELLULAR_RESPONSE_TO_CHEMICAL_STRESS,0.8181341912614258,0.9329164158438757,1.3635844262880028,0.36723573513923874
GOBP_CELLULAR_RESPONSE_TO_ENDOGENOUS_STIMULUS,1.2135965262712876,0.5953297097769792,1.17608932758955,0.5297779571315105
GOBP_CELLULAR_RESPONSE_TO_HORMONE_STIMULUS,0.9369473558173028,0.8681242343957649,1.2148625085735052,0.503735179456675
GOBP_CELLULAR_RESPONSE_TO_INSULIN_STIMULUS,0.8139070044354461,0.9364561369068345,1.143026335273859,0.5565876054640466
GOBP_CELLULAR_RESPONSE_TO_INTERLEUKIN_1,0.7768303629899381,0.9562934393099052,1.2620192739735112,0.45597093551168427
GOBP_CELLULAR_RESPONSE_TO_LIPID,1.0103614436022113,0.82395017169834,1.0197515008261857,0.711645384255363
GOBP_CELLULAR_RESPONSE_TO_MOLECULE_OF_BACTERIAL_ORIGIN,1.170643399687354,0.6567935639082215,1.1194708370931308,0.5832152161336283
GOBP_CELLULAR_RESPONSE_TO_NITROGEN_COMPOUND,0.9507705207292327,0.8588096492167417,1.1410446877319138,0.5571780184181601
GOBP_CELLULAR_RESPONSE_TO_NUTRIENT_LEVELS,0.9486569871001503,0.8594193811756722,1.1009470555923377,0.6013213059830573
GOBP_CELLULAR_RESPONSE_TO_OXIDATIVE_STRESS,0.9053587602455044,0.8920045041473097,1.2887536131563382,0.4445796500567954
GOBP_CELLULAR_RESPONSE_TO_OXYGEN_CONTAINING_COMPOUND,1.0793826888517772,0.7485430879470019,1.1495681063582452,0.5541945137120611
GOBP_CELLULAR_RESPONSE_TO_OXYGEN_LEVELS,0.75788084054613,0.9662447521670005,1.143779110651316,0.557029575335708
GOBP_CELLULAR_RESPONSE_TO_PEPTIDE_HORMONE_STIMULUS,0.9639486136935483,0.8557858863276658,1.334565398300758,0.39798603804670635
GOBP_CELLULAR_RESPONSE_TO_RADIATION,1.2446940352157627,0.5532765272129302,1.1958613879856113,0.5202359264821106
GOBP_CELLULAR_RESPONSE_TO_REACTIVE_OXYGEN_SPECIES,1.1553439631380522,0.669370184969438,1.3897549824599504,0.3842617188304204
GOBP_CELLULAR_RESPONSE_TO_VASCULAR_ENDOTHELIAL_GROWTH_FACTOR_STIMULUS,1.2261779813360225,0.5765099669505984,1.1195209990931698,0.5843903250210337
GOBP_CELL_ACTIVATION,1.0953455937347742,0.729159426977898,1.0702538504985084,0.6509627353441935
GOBP_CELL_ACTIVATION_INVOLVED_IN_IMMUNE_RESPONSE,0.9935230644462651,0.8333349399095451,1.1135500177896402,0.5906908951775635
GOBP_CELL_ADHESION_MEDIATED_BY_INTEGRIN,0.8574446142885583,0.9212844262989452,0.609948208810474,0.9734274420278181
GOBP_CELL_CELL_ADHESION,1.1492539931207766,0.6715271268784236,0.9691982438584391,0.7764255251111397
GOBP_CELL_CELL_ADHESION_MEDIATED_BY_CADHERIN,1.696609127185356,0.14952428258878037,0.6889725590260752,0.9540104166814843
GOBP_CELL_CELL_JUNCTION_ASSEMBLY,1.300206339285282,0.4905265586492307,1.0988174273048403,0.6052484739189942
GOBP_CELL_CELL_JUNCTION_ORGANIZATION,1.14607055438706,0.6758295628403317,1.3397344643554752,0.3972630626662989
GOBP_CELL_CELL_SIGNALING,1.2398583074060896,0.5580898943204374,1.2386623798019931,0.4788688695262754
GOBP_CELL_CHEMOTAXIS,1.5490146340479802,0.2709576840981232,1.3642445655921283,0.3706273205385753
GOBP_CELL_FATE_COMMITMENT,1.3144241933216765,0.4719393296651259,1.142308824092912,0.5546842033917158
GOBP_CELL_GROWTH,0.9191817532292814,0.8813808968878707,0.9862980460253341,0.7557592642306817
GOBP_CELL_JUNCTION_ASSEMBLY,0.8883655551322733,0.9082143891664198,0.7850943474171342,0.9233209652347799
GOBP_CELL_JUNCTION_ORGANIZATION,0.923835697006044,0.8772528784538478,0.8114031851710455,0.904084072535644
GOBP_CELL_KILLING,1.9402135464485875,0.022649628760278855,1.2367319545183264,0.4779020966597652
GOBP_CELL_MATRIX_ADHESION,1.4009361562368254,0.3961771749847007,0.6921446051774973,0.9528047399368114
GOBP_CELL_MATURATION,1.0742552828311136,0.7557209494552235,0.9224573453171621,0.8194529660116723
GOBP_CELL_MIGRATION_INVOLVED_IN_SPROUTING_ANGIOGENESIS,1.1001787885157184,0.7245028454226495,0.4939160028813098,0.9932056523462398
GOBP_CELL_MORPHOGENESIS,1.0613073418837393,0.7745723148973703,0.6014661856987902,0.9726389550262251
GOBP_CELL_MORPHOGENESIS_INVOLVED_IN_NEURON_DIFFERENTIATION,0.8599313134699567,0.9221770519359106,0.7199515255928608,0.940439594456418
GOBP_CELL_RECOGNITION,1.7233310951767848,0.12756941464313507,0.7983906658563528,0.912135776378949
GOBP_CELL_SUBSTRATE_ADHESION,1.3521190246633752,0.4342222977542397,0.7635872409294749,0.930819839025456
GOBP_CELL_SURFACE_RECEPTOR_PROTEIN_SERINE_THREONINE_KINASE_SIGNALING_PATHWAY,1.5066620441855338,0.314392195703856,1.1096379837650332,0.5934944616405918
GOBP_CELL_SURFACE_RECEPTOR_PROTEIN_TYROSINE_KINASE_SIGNALING_PATHWAY,1.330576359991156,0.448119571035672,1.1520861230470518,0.5531871542397452
GOBP_CELL_SURFACE_RECEPTOR_SIGNALING_PATHWAY_VIA_JAK_STAT,0.9758872939721795,0.8492717656634087,1.3110804184322262,0.4471508717076982
GOBP_CELL_SURFACE_RECEPTOR_SIGNALING_PATHWAY_VIA_STAT,0.8006895787578578,0.9461420042958524,1.2810746439249632,0.45218334312359015
GOBP_CENTRAL_NERVOUS_SYSTEM_DEVELOPMENT,1.1527434197204236,0.6685581107266965,0.8243219376990132,0.9034122660406749
GOBP_CHEMICAL_HOMEOSTASIS,1.1639860574040908,0.6643951753577784,1.2388027642954995,0.48024402693231105
GOBP_CHEMOKINE_PRODUCTION,0.9440708460167033,0.8623558363574452,1.426377648226819,0.38876171836432666
GOBP_CHONDROCYTE_DIFFERENTIATION,1.449831323366214,0.3664300312467454,1.2632846833903797,0.4577303549555401
GOBP_CIRCADIAN_RHYTHM,0.9375447737263863,0.867979415863816,1.196048910236252,0.5228214767492744
GOBP_CIRCULATORY_SYSTEM_DEVELOPMENT,1.517611864678349,0.30226882329238564,1.0781451708916663,0.6452910576991151
GOBP_CIRCULATORY_SYSTEM_PROCESS,1.3981013381301497,0.3962631694834652,1.2699485831815944,0.45442642901170777
GOBP_COGNITION,0.7509134651487988,0.9662273019026253,0.8898779158491532,0.8581176103578498
GOBP_COLLAGEN_BIOSYNTHETIC_PROCESS,0.8738815711348736,0.9183360135763052,1.2235718933208275,0.4979441566144022
GOBP_COLLAGEN_CATABOLIC_PROCESS,2.04518447920034,0.006644475232705919,1.2092059807019253,0.5102456307688252
GOBP_COLLAGEN_METABOLIC_PROCESS,1.7184022488354218,0.13290728251427278,1.3686163478046036,0.371549661983537
GOBP_CONNECTIVE_TISSUE_DEVELOPMENT,1.4221966816183216,0.38011759195585326,1.220709044959058,0.5001976560862095
GOBP_CYTOKINE_MEDIATED_SIGNALING_PATHWAY,1.1870248671489347,0.6309033779393247,1.3624450271716537,0.362735702901386
GOBP_CYTOKINE_PRODUCTION,1.154730197687413,0.668548363716518,1.084523376528949,0.6350579703987257
GOBP_CYTOKINE_PRODUCTION_INVOLVED_IN_INFLAMMATORY_RESPONSE,0.6910565577300218,0.982080808696382,1.6184371230581591,0.23510380568715436
GOBP_DEFENSE_RESPONSE_TO_BACTERIUM,1.8551902867505814,0.042205195564668556,1.3765912766594661,0.37336609883177324
GOBP_DEFENSE_RESPONSE_TO_GRAM_NEGATIVE_BACTERIUM,1.6141285467071596,0.2264890494740114,1.2141485742538354,0.5042652481625582
GOBP_DEFENSE_RESPONSE_TO_GRAM_POSITIVE_BACTERIUM,2.063784597872074,0.0056514547583674515,1.3651006678933135,0.3738584660653058
GOBP_DEFENSE_RESPONSE_TO_VIRUS,1.1161025583916944,0.7139060714664526,1.4486946544278445,0.3536992793338791
GOBP_DENDRITIC_CELL_DIFFERENTIATION,1.3309214059935661,0.4482193063346092,0.875828740317713,0.8699323197649325
GOBP_DEVELOPMENTAL_GROWTH,1.2269884079295619,0.575976359732293,1.1729689299503367,0.5318664025073552
GOBP_DEVELOPMENTAL_GROWTH_INVOLVED_IN_MORPHOGENESIS,0.8859835136332603,0.906564835636903,0.8193617226889084,0.9023153323676317
GOBP_DEVELOPMENTAL_MATURATION,1.1517531419286513,0.6698539243904108,0.8657281579722323,0.8735936038618479
GOBP_DEVELOPMENT_OF_PRIMARY_FEMALE_SEXUAL_CHARACTERISTICS,1.329860222042483,0.4489263905185975,0.7254655990335407,0.9412127445719234
GOBP_DEVELOPMENT_OF_PRIMARY_SEXUAL_CHARACTERISTICS,1.4129522625147244,0.3990599841578611,0.70171407568753,0.9510880963770394
GOBP_DIGESTION,1.2789888045199587,0.5158066201298984,1.4101591340412678,0.3845728725308567
GOBP_DIGESTIVE_SYSTEM_DEVELOPMENT,0.7951037475009206,0.9502692687389567,1.1525724445830499,0.5545601162317824
GOBP_DIGESTIVE_SYSTEM_PROCESS,1.1692873014057115,0.6591365514846516,1.339527317550144,0.39532709305841834
GOBP_DISRUPTION_OF_ANATOMICAL_STRUCTURE_IN_ANOTHER_ORGANISM,2.149861492102044,0.0007360034103920402,1.4272939542237093,0.3909655443748606
GOBP_EMBRYONIC_ORGAN_DEVELOPMENT,1.5776296844203777,0.2538494032030348,1.1051783170634726,0.5978867483415607
GOBP_EMBRYONIC_PLACENTA_DEVELOPMENT,0.9529440047665249,0.8612896198569769,0.8601744777208791,0.8736628189219595
GOBP_EMBRYO_IMPLANTATION,1.1038492004330591,0.7225980780059723,1.2510021768956838,0.46885734842770793
GOBP_ENDOCRINE_HORMONE_SECRETION,1.29127331559516,0.4966052838932985,0.6955183607916556,0.9536197855127364
GOBP_ENDOCRINE_PROCESS,1.2045172216615256,0.6013860561345284,0.8540738121881348,0.8814417971661083
GOBP_ENDOCYTOSIS,1.2089895872289866,0.5989958789935369,0.8139681172773785,0.9063101977210803
GOBP_ENDOTHELIAL_CELL_APOPTOTIC_PROCESS,0.9910448335743479,0.8334986566727393,0.9121460986615703,0.8318707287113499
GOBP_ENDOTHELIAL_CELL_DIFFERENTIATION,1.2528746569942981,0.5437553767222265,0.8988715259859485,0.8477109221031557
GOBP_ENDOTHELIAL_CELL_MIGRATION,1.1084384024739693,0.721204304017276,1.4499166491321103,0.35442437167005386
GOBP_ENDOTHELIAL_CELL_PROLIFERATION,1.5002727624552556,0.3160388229080821,0.748992389229845,0.9382224132362449
GOBP_ENDOTHELIUM_DEVELOPMENT,1.3022977599378545,0.4865594657081503,1.183654085932556,0.5203350485160061
GOBP_ENERGY_HOMEOSTASIS,1.297779718209265,0.4932400020435614,0.9871626418961646,0.7548119080325204
GOBP_ENSHEATHMENT_OF_NEURONS,0.7999039612087643,0.9462912035223747,1.2298145074703308,0.49151627431383155
GOBP_ENZYME_LINKED_RECEPTOR_PROTEIN_SIGNALING_PATHWAY,1.4869303605914974,0.3264475038372669,1.2334387042879296,0.4830789871856812
GOBP_EOSINOPHIL_MIGRATION,1.0619666315340093,0.7750377425932388,1.3030743464757333,0.4413075482908285
GOBP_EPIDERMIS_DEVELOPMENT,1.5196600576043566,0.3004388921326883,1.1698717177766573,0.5314623468415078
GOBP_EPITHELIAL_CELL_DEVELOPMENT,1.481779229422378,0.3346175505050855,1.2070940434604658,0.5102947145622264
GOBP_EPITHELIAL_CELL_DIFFERENTIATION,1.3872524655789293,0.40282285555649794,1.1597615418000178,0.540449692904945
GOBP_EPITHELIAL_CELL_PROLIFERATION,1.524492841344145,0.30331987542755023,1.0307550390640852,0.697339187193169
GOBP_EPITHELIAL_TO_MESENCHYMAL_TRANSITION,1.0904291640648551,0.7325501619584169,1.2944240462645813,0.44659955959962966
GOBP_EPITHELIAL_TUBE_MORPHOGENESIS,1.3363301394712201,0.4456214426375318,1.0557261470613686,0.6672100220305254
GOBP_EPITHELIUM_DEVELOPMENT,1.3858252041133046,0.40318998813768586,0.8901709958899594,0.8588376215348277
GOBP_ERK1_AND_ERK2_CASCADE,1.2044856473429315,0.6005747240375681,1.382994494824726,0.38481750782298924
GOBP_ERYTHROCYTE_HOMEOSTASIS,0.8613707306430015,0.9234024219720492,0.8714095508767976,0.8694713297294162
GOBP_ESTABLISHMENT_OF_ORGANELLE_LOCALIZATION,0.6736575457105404,0.9806885610939786,0.8314752088618987,0.898814123768156
GOBP_EXOCYTOSIS,0.8505994637649403,0.9247892397664318,0.7955412044298298,0.9146929943655896
GOBP_EXPORT_FROM_CELL,1.0777144125610891,0.7502557290640661,1.0170684005869084,0.7153949321352454
GOBP_EXTERNAL_ENCAPSULATING_STRUCTURE_ORGANIZATION,2.2185157441295558,0.0006900031972425377,1.1941494583965215,0.5176299437229082
GOBP_EXTRACELLULAR_MATRIX_DISASSEMBLY,1.8474575791759753,0.04602265227786812,1.3101056210290263,0.44256881738151677
GOBP_EXTRINSIC_APOPTOTIC_SIGNALING_PATHWAY,0.7464923047207979,0.9671430592934678,0.8474650865834751,0.8889022162856259
GOBP_EXTRINSIC_APOPTOTIC_SIGNALING_PATHWAY_VIA_DEATH_DOMAIN_RECEPTORS,0.6689999858313059,0.980325553024918,0.7299672379239674,0.9440736539204567
GOBP_FATTY_ACID_TRANSPORT,0.9325535737152757,0.8691893379272034,1.192827925942501,0.5168901697634621
GOBP_FAT_CELL_DIFFERENTIATION,1.0657812640351614,0.7698984540482006,1.2328325731868615,0.48327766380125436
GOBP_FEEDING_BEHAVIOR,1.3458410955631266,0.43546868448195714,0.9833138898498147,0.7608635195558562
GOBP_FEMALE_SEX_DIFFERENTIATION,1.5598166651737888,0.2667599540245445,0.6884228024343544,0.9532469374677116
GOBP_GENERATION_OF_NEURONS,0.8862966435174848,0.9077598079131184,0.6207844910722607,0.974245026234469
GOBP_GLAND_DEVELOPMENT,1.3576739635606478,0.4268329705363766,1.0761779169102312,0.6485793915076035
GOBP_GLAND_MORPHOGENESIS,1.4004465943877717,0.3962377183851412,1.281618356924537,0.45257692026056623
GOBP_GLIAL_CELL_ACTIVATION,1.2673923190662952,0.5252800226232801,1.177697853039358,0.528969889563064
GOBP_GLIAL_CELL_DEVELOPMENT,1.0871741257763095,0.7342686857763702,1.293098641051095,0.4461904760631564
GOBP_GLIAL_CELL_DIFFERENTIATION,1.3267748449551002,0.4542969230461618,1.3268958982269508,0.4124126993380973
GOBP_GLIOGENESIS,1.4660562015069305,0.34239491987613035,1.2097787571941034,0.513355393272877
GOBP_GLOMERULUS_DEVELOPMENT,1.0334533508540096,0.7964904267139234,0.8017607219344849,0.9111894831097342
GOBP_GRANULOCYTE_CHEMOTAXIS,1.5965816151204928,0.23963575606071547,1.388772041713024,0.3839013420182759
GOBP_GRANULOCYTE_MIGRATION,1.5166668590226602,0.30138119241735795,1.387298059394607,0.38130026412740875
GOBP_GROWTH,1.174357946414555,0.6492188760303177,1.0357965506522904,0.6895456251062367
GOBP_HEART_DEVELOPMENT,1.2413152210230065,0.5566116283312393,1.0012678867173272,0.738346127375015
GOBP_HEART_MORPHOGENESIS,1.4901464240966282,0.3230570326518231,0.8756794144737083,0.8689981266722208
GOBP_HEMATOPOIETIC_PROGENITOR_CELL_DIFFERENTIATION,1.1610996995989302,0.6669540891091719,1.0554966795361427,0.6666568206654274
GOBP_HEMOPOIESIS,1.2129393448142403,0.5936926903660096,1.1427011608566573,0.5560985248397303
GOBP_HEMOSTASIS,1.6044449610559899,0.23073407727412254,0.7030692069918385,0.9511904213287357
GOBP_HEPATICOBILIARY_SYSTEM_DEVELOPMENT,1.0292183135964863,0.7965907927179171,1.488432511652074,0.35770944013529193
GOBP_HETEROPHILIC_CELL_CELL_ADHESION,1.1711706083724454,0.6560576901562465,0.8226080205922439,0.9011624609454628
GOBP_HETEROTYPIC_CELL_CELL_ADHESION,1.299276330698837,0.49200917089398,0.7664094694127784,0.9323392775833242
GOBP_HOMEOSTASIS_OF_NUMBER_OF_CELLS,0.871555583458272,0.9176924574061267,1.207256800883814,0.5114380391243606
GOBP_HOMOPHILIC_CELL_CELL_ADHESION,1.995397096374254,0.012617201321006404,0.6426280378327212,0.967721938499477
GOBP_HOMOTYPIC_CELL_CELL_ADHESION,1.0004655268317781,0.8287768341271133,0.9684099428701529,0.7745264299950955
GOBP_HORMONE_TRANSPORT,1.2973480604163883,0.4933771387958331,1.1240789617700437,0.5742883893048781
GOBP_HUMORAL_IMMUNE_RESPONSE,2.2718506054545458,0.00046000213149502515,1.6932127429201609,0.22038852836799316
GOBP_IMMUNE_EFFECTOR_PROCESS,1.4297204381251443,0.3719626631470813,1.0235894287768192,0.707165169101913
GOBP_IMMUNE_RESPONSE_REGULATING_CELL_SURFACE_RECEPTOR_SIGNALING_PATHWAY,0.856865993617654,0.9211996057914729,1.1267311430185074,0.5755402429893393
GOBP_IMMUNE_RESPONSE_REGULATING_SIGNALING_PATHWAY,0.7345035162801168,0.9710042092899014,1.0426757324274096,0.6823563466608612
GOBP_IMPORT_INTO_CELL,1.1536800270836782,0.6700094694107527,0.9432184657769078,0.7967712609765585
GOBP_INFLAMMATORY_RESPONSE,1.4965598295298135,0.3177364031591075,1.210235985451363,0.5136573704312282
GOBP_INFLAMMATORY_RESPONSE_TO_ANTIGENIC_STIMULUS,0.5991227728495602,0.9891996217471799,1.0760487354406343,0.6476506737163696
GOBP_INFLAMMATORY_RESPONSE_TO_WOUNDING,1.3496454495467547,0.4334620553556541,1.5257365975894572,0.32106059605442644
GOBP_INNATE_IMMUNE_RESPONSE_ACTIVATING_CELL_SURFACE_RECEPTOR_SIGNALING_PATHWAY,1.0605977189628375,0.7711851928457751,0.9041658544397886,0.8419439650527986
GOBP_INORGANIC_ION_HOMEOSTASIS,1.1200876365936607,0.710261821919872,1.30811604465849,0.44152218796597853
GOBP_INSULIN_RECEPTOR_SIGNALING_PATHWAY,0.9521493246135649,0.8606531729300566,1.1721172895907066,0.5317125804077512
GOBP_INSULIN_SECRETION,1.1602782866838743,0.6667675988604163,1.1471355061083217,0.5549341121855711
GOBP_INTEGRIN_MEDIATED_SIGNALING_PATHWAY,1.158522847404741,0.6694118732955887,0.8132489115074004,0.9061567913420765
GOBP_INTERFERON_MEDIATED_SIGNALING_PATHWAY,0.8501107693073413,0.9245792582823026,0.6851979932049016,0.9522099978625076
GOBP_INTERLEUKIN_10_PRODUCTION,1.443919401857008,0.3689318193959661,1.1888307221988068,0.5190527460204873
GOBP_INTERLEUKIN_1_PRODUCTION,1.0286419614658817,0.7975306228627324,1.4313000676651717,0.39323950907365635
GOBP_INTERLEUKIN_6_PRODUCTION,1.193884669010786,0.6194399307948469,1.2925096667657745,0.44353841905487856
GOBP_INTERLEUKIN_8_PRODUCTION,1.6923436147359028,0.15071032797055528,1.2957123127508474,0.44467835096158864
GOBP_INTRACELLULAR_GLUCOSE_HOMEOSTASIS,0.8218480008381976,0.9319133329509965,0.7656968895070603,0.9319650120006638
GOBP_KIDNEY_EPITHELIUM_DEVELOPMENT,1.3328178594257771,0.44514606265700324,0.7811139229823895,0.9235114852079095
GOBP_LEARNING_OR_MEMORY,0.7074620483884734,0.9785307651189784,0.8603635956740542,0.8744932909556143
GOBP_LEUKOCYTE_APOPTOTIC_PROCESS,1.1629257944428562,0.6649167623926792,0.9472444414669499,0.7933993223944313
GOBP_LEUKOCYTE_CELL_CELL_ADHESION,0.8918167289985834,0.905387775681749,1.013862508477556,0.716626096261563
GOBP_LEUKOCYTE_CHEMOTAXIS,1.6482724897766943,0.19446234437201032,1.4273742851597202,0.39599821805740454
GOBP_LEUKOCYTE_DEGRANULATION,0.8873008232958958,0.9087113862351801,0.7256452587793948,0.9422211047260385
GOBP_LEUKOCYTE_DIFFERENTIATION,1.207085684865589,0.600100161614516,1.1634712060241827,0.5445333870928499
GOBP_LEUKOCYTE_MEDIATED_CYTOTOXICITY,1.1237046344053143,0.7054388243215931,0.943362697780866,0.7976354788022212
GOBP_LEUKOCYTE_MEDIATED_IMMUNITY,1.2429888095148351,0.5572164230129292,0.9988252792698249,0.7412242389629141
GOBP_LEUKOCYTE_MIGRATION,1.3538141117290787,0.4339323953120282,1.3499369809502204,0.38300036858090825
GOBP_LEUKOCYTE_PROLIFERATION,1.2274745827963571,0.5763928606839009,0.960274529374429,0.7920501235603116
GOBP_LIPID_EXPORT_FROM_CELL,1.2581650139594363,0.5401175721674522,0.7911049766508264,0.91815965561486
GOBP_LIPID_HOMEOSTASIS,1.3411787098918726,0.43979111233606544,1.2227722685514313,0.4987059873535568
GOBP_LIPID_LOCALIZATION,1.5009153102614847,0.3174540424037382,1.1634809535943598,0.5459565706650251
GOBP_LYMPHOCYTE_ACTIVATION,0.9717320583441458,0.8490545002704698,0.9795581091262051,0.7653194290202109
GOBP_LYMPHOCYTE_ACTIVATION_INVOLVED_IN_IMMUNE_RESPONSE,0.7849679948714086,0.9559203159377718,1.266324145150745,0.45777308355912383
GOBP_LYMPHOCYTE_CHEMOTAXIS,1.3751955090949022,0.4156052853550381,1.5466148453482196,0.3364893413648197
GOBP_LYMPHOCYTE_DIFFERENTIATION,1.057637949114114,0.7735018974004177,1.0559663896857092,0.6677479002032097
GOBP_LYMPHOCYTE_MEDIATED_IMMUNITY,1.2478172574241801,0.5500038215643851,1.1343479119369273,0.5658697377199408
GOBP_LYMPHOCYTE_MIGRATION,1.203953553892555,0.6012612882450481,1.589525099564331,0.2990543491128555
GOBP_MACROPHAGE_ACTIVATION,1.198940701253035,0.6105333093551744,1.0520944836572654,0.6700207286205464
GOBP_MACROPHAGE_CHEMOTAXIS,1.266890624891908,0.5257913920925242,0.9201555527593092,0.8219983150085588
GOBP_MACROPHAGE_DIFFERENTIATION,0.9393232532193572,0.8674905036772325,1.0703361898954804,0.6520128793311448
GOBP_MACROPHAGE_MIGRATION,0.9772864058403932,0.8491301449338302,1.0759972089062797,0.6452125665228915
GOBP_MAINTENANCE_OF_LOCATION,1.2196756353819342,0.5874120241951588,1.2877704587983032,0.44335182952399316
GOBP_MAMMARY_GLAND_DEVELOPMENT,0.7668809391023763,0.9634153669202701,0.9391013678475925,0.8011911047786701
GOBP_MAPK_CASCADE,1.0465264304462738,0.7841059770331411,1.1882264718121602,0.5194810012472081
GOBP_MAST_CELL_ACTIVATION,0.9115920378169307,0.8864698424731513,0.7558572908889301,0.9343932976896635
GOBP_MAST_CELL_ACTIVATION_INVOLVED_IN_IMMUNE_RESPONSE,1.0439031617136483,0.7885304631232416,0.5298354512790402,0.9892146398375063
GOBP_MATERNAL_PROCESS_INVOLVED_IN_FEMALE_PREGNANCY,1.3664211741567318,0.4239164820527707,1.3565493907500452,0.3703330499761517
GOBP_MEMBRANE_PROTEIN_ECTODOMAIN_PROTEOLYSIS,1.1197715067752496,0.7095451317649151,1.0250033656664055,0.704451517288419
GOBP_MEMBRANE_PROTEIN_PROTEOLYSIS,0.8354057547598861,0.9260560394596181,1.1158292623076531,0.5888449930077869
GOBP_MESENCHYMAL_CELL_DIFFERENTIATION,1.0304521767837194,0.7998062248297966,1.091390352281443,0.622354848492401
GOBP_MESENCHYME_DEVELOPMENT,1.099219255762648,0.7240932776851148,1.1708392883254428,0.5313155921387588
GOBP_METAL_ION_TRANSPORT,0.8664875887968247,0.9193718752902396,1.2030234726827038,0.5102139605585891
GOBP_MIRNA_METABOLIC_PROCESS,0.6596966121279153,0.9803563503738041,1.3008662932859678,0.43655540137821874
GOBP_MIRNA_TRANSCRIPTION,0.9776990917633296,0.8487542753645669,1.3031330510019192,0.4459636876306569
GOBP_MONOATOMIC_ION_HOMEOSTASIS,0.9860438306798975,0.8399529582731741,1.3529016194838988,0.3790589014289141
GOBP_MONOCARBOXYLIC_ACID_TRANSPORT,0.9328465361583915,0.8697155206056512,1.2400836681993228,0.48005328408984177
GOBP_MONOCYTE_CHEMOTAXIS,1.0472829452932866,0.7834214383303972,1.9380933900139172,0.030656827748252527
GOBP_MONONUCLEAR_CELL_DIFFERENTIATION,1.1561697362738277,0.6694155462907382,1.0523541609651799,0.6705138125415708
GOBP_MONONUCLEAR_CELL_MIGRATION,0.9333315112643603,0.8698340080123512,1.4570942002729372,0.34742756564807253
GOBP_MORPHOGENESIS_OF_AN_EPITHELIUM,1.4091630040249887,0.39271972096555213,1.0764069677095929,0.6491794880059085
GOBP_MORPHOGENESIS_OF_A_BRANCHING_STRUCTURE,1.3163817855133093,0.4716061183183871,0.9515124859622496,0.7945259300989035
GOBP_MULTICELLULAR_ORGANISMAL_LEVEL_HOMEOSTASIS,1.0398772250106398,0.7894219304682629,1.112647614212504,0.5884526768443142
GOBP_MULTICELLULAR_ORGANISM_GROWTH,1.2820812703471358,0.5117704612596787,1.4077148764746694,0.3844848441865109
GOBP_MULTI_MULTICELLULAR_ORGANISM_PROCESS,1.6070401974410142,0.23290796997343072,1.3785897181740945,0.3698827847620395
GOBP_MUSCLE_CELL_DEVELOPMENT,1.503283346842281,0.31463703484517896,1.2269701866671723,0.49361155378121246
GOBP_MUSCLE_CELL_DIFFERENTIATION,1.4673722799007562,0.3418515040247909,1.3321089461318523,0.4008491303546874
GOBP_MUSCLE_CELL_PROLIFERATION,0.9176193058649096,0.881283064646199,0.9304513501869457,0.8145089420860634
GOBP_MUSCLE_ORGAN_DEVELOPMENT,1.3468451162382713,0.43583711211505266,0.8718563289760662,0.8710397685379362
GOBP_MUSCLE_STRUCTURE_DEVELOPMENT,1.409769426074984,0.39467609670894344,1.201379568606929,0.512130205455482
GOBP_MUSCLE_SYSTEM_PROCESS,1.0557210391060055,0.7760327958747373,0.9813068150123376,0.7622618987589408
GOBP_MUSCLE_TISSUE_DEVELOPMENT,1.2811702042845812,0.5135412206986367,1.134746009726641,0.5673735693042824
GOBP_MYELOID_CELL_ACTIVATION_INVOLVED_IN_IMMUNE_RESPONSE,1.0653149087640683,0.7705343633937627,1.138679593469458,0.5592413651673092
GOBP_MYELOID_CELL_DIFFERENTIATION,1.1372830051484057,0.695847524323182,1.3358012341573124,0.3965143752662695
GOBP_MYELOID_CELL_HOMEOSTASIS,0.8949679725060207,0.9019892356942536,0.9723931176619488,0.7759501851949393
GOBP_MYELOID_LEUKOCYTE_ACTIVATION,0.9528099297313132,0.8609714992714201,1.173108445870661,0.5329037411288781
GOBP_MYELOID_LEUKOCYTE_DIFFERENTIATION,1.4806540815366598,0.3360644143522227,1.3723137580932259,0.3712337461461726
GOBP_MYELOID_LEUKOCYTE_MEDIATED_IMMUNITY,0.9513164626677313,0.8594197199665907,0.9749134215591548,0.7709298226244482
GOBP_MYELOID_LEUKOCYTE_MIGRATION,1.407292950619953,0.39505716798523977,1.3704522035016813,0.36859246883048724
GOBP_MYOBLAST_DIFFERENTIATION,1.1084713762933909,0.721956464569277,1.2351625751144406,0.48123300826961707
GOBP_NATURAL_KILLER_CELL_ACTIVATION,1.3605034001015226,0.4274794128944608,0.7938835285265224,0.9157550681261513
GOBP_NATURAL_KILLER_CELL_MEDIATED_IMMUNITY,1.1334501029897668,0.6971060380364843,1.0857576130071938,0.6353226393988409
GOBP_NEGATIVE_REGULATION_OF_ADAPTIVE_IMMUNE_RESPONSE,1.332697130695607,0.44447381659193275,1.2060058291160258,0.5103055515126056
GOBP_NEGATIVE_REGULATION_OF_CANONICAL_WNT_SIGNALING_PATHWAY,1.5766251407311898,0.2526601917212955,1.1399212947226236,0.5579591544644078
GOBP_NEGATIVE_REGULATION_OF_CATABOLIC_PROCESS,0.9303751182012125,0.8687642633025969,1.1874819436881834,0.518579870122371
GOBP_NEGATIVE_REGULATION_OF_CELLULAR_COMPONENT_ORGANIZATION,0.9358329185751667,0.8689131281377228,0.9293769154484944,0.8108911805653196
GOBP_NEGATIVE_REGULATION_OF_CELLULAR_RESPONSE_TO_GROWTH_FACTOR_STIMULUS,1.417238551462862,0.3905343662390903,0.9539843735530974,0.7961889177517179
GOBP_NEGATIVE_REGULATION_OF_CELL_ACTIVATION,0.8413145673286015,0.9269661563071191,1.0336737819653004,0.691933726333937
GOBP_NEGATIVE_REGULATION_OF_CELL_ADHESION,1.002117290793544,0.8292261745104241,1.0411898981881804,0.6829133529096337
GOBP_NEGATIVE_REGULATION_OF_CELL_CELL_ADHESION,0.9687689886047608,0.8499911151390062,1.1510100962164476,0.5524458173791312
GOBP_NEGATIVE_REGULATION_OF_CELL_DEVELOPMENT,1.2334627014744302,0.5691359705178305,1.5103950861979727,0.33079792818531084
GOBP_NEGATIVE_REGULATION_OF_CELL_DIFFERENTIATION,1.395645503048175,0.398053420376784,1.5330119500732873,0.31685314872710024
GOBP_NEGATIVE_REGULATION_OF_CELL_GROWTH,0.8564189316138731,0.9203157415575202,1.287870583150949,0.44522875701054104
GOBP_NEGATIVE_REGULATION_OF_CELL_POPULATION_PROLIFERATION,1.4239662506349542,0.37688906663849914,1.0785613306816748,0.6453168964654982
GOBP_NEGATIVE_REGULATION_OF_CELL_PROJECTION_ORGANIZATION,1.0089977093163705,0.8233749103947623,0.7091856838212097,0.947391435806806
GOBP_NEGATIVE_REGULATION_OF_COAGULATION,2.0297909652264865,0.008280038366910453,0.7270515065067138,0.9444163190863978
GOBP_NEGATIVE_REGULATION_OF_CYTOKINE_PRODUCTION,1.361847714156055,0.4314819993423336,1.0178532342714837,0.7157038687734837
GOBP_NEGATIVE_REGULATION_OF_DEFENSE_RESPONSE,1.3861087606757163,0.4035676623464196,1.0645794094337655,0.6550638110869045
GOBP_NEGATIVE_REGULATION_OF_DEVELOPMENTAL_PROCESS,1.4457622424177319,0.36694251209619394,1.5131436131911487,0.32940899509316024
GOBP_NEGATIVE_REGULATION_OF_ENDOTHELIAL_CELL_APOPTOTIC_PROCESS,1.2621218354974595,0.5327210698487073,0.4624902378574928,0.9953296472614451
GOBP_NEGATIVE_REGULATION_OF_EPITHELIAL_CELL_PROLIFERATION,1.16206117874709,0.6666980625164207,1.032149149205111,0.6947533003060014
GOBP_NEGATIVE_REGULATION_OF_EXTRINSIC_APOPTOTIC_SIGNALING_PATHWAY,0.8911955185427776,0.9055186930754997,0.8198510916758727,0.9027922826241808
GOBP_NEGATIVE_REGULATION_OF_GROWTH,1.0383382749314785,0.7893294208455999,1.3713422575456669,0.3684693210172514
GOBP_NEGATIVE_REGULATION_OF_HEMOPOIESIS,1.0230523474224973,0.8068250497283445,1.3828584485207396,0.38170972735677067
GOBP_NEGATIVE_REGULATION_OF_IMMUNE_EFFECTOR_PROCESS,1.433981242214223,0.3714152382545626,1.2720795298992966,0.453863107723494
GOBP_NEGATIVE_REGULATION_OF_IMMUNE_RESPONSE,1.292409476580845,0.496439608026333,1.291749154141555,0.44153534678023404
GOBP_NEGATIVE_REGULATION_OF_IMMUNE_SYSTEM_PROCESS,1.2357231120272032,0.5651520685626242,1.1710872566447863,0.5320504985747815
GOBP_NEGATIVE_REGULATION_OF_INFLAMMATORY_RESPONSE,1.4795655994367638,0.33734811488173955,1.0542022800467281,0.6664571951468298
GOBP_NEGATIVE_REGULATION_OF_INNATE_IMMUNE_RESPONSE,0.8336372196481511,0.9276623022413044,1.1704435449991943,0.5311274637176248
GOBP_NEGATIVE_REGULATION_OF_INTERLEUKIN_6_PRODUCTION,0.8219827947234034,0.93224207693564,0.9479747735369823,0.7954122699879559
GOBP_NEGATIVE_REGULATION_OF_INTRINSIC_APOPTOTIC_SIGNALING_PATHWAY,1.0146019232930998,0.8165204803957384,1.007713729256484,0.7221380347604534
GOBP_NEGATIVE_REGULATION_OF_LEUKOCYTE_CELL_CELL_ADHESION,0.9588572865270071,0.8585532605434422,1.1459558973488102,0.554592308232372
GOBP_NEGATIVE_REGULATION_OF_LEUKOCYTE_MEDIATED_IMMUNITY,1.0025161758014998,0.8288099589055661,1.2660343907622214,0.4567867334489626
GOBP_NEGATIVE_REGULATION_OF_LEUKOCYTE_MIGRATION,1.2756199930829502,0.517678157430043,1.0168370316554338,0.7148423900727535
GOBP_NEGATIVE_REGULATION_OF_LEUKOCYTE_PROLIFERATION,1.527502827800137,0.3012502847812976,0.9297309326595535,0.8113387577207148
GOBP_NEGATIVE_REGULATION_OF_LOCOMOTION,1.1289399450843824,0.7023437897044944,0.7780741973355111,0.9259571779220095
GOBP_NEGATIVE_REGULATION_OF_LYMPHOCYTE_ACTIVATION,0.9621380372474296,0.8563444017466231,1.066741013535005,0.6562696737454858
GOBP_NEGATIVE_REGULATION_OF_MULTICELLULAR_ORGANISMAL_PROCESS,1.6439779983821214,0.19669691142727275,1.2504833555743222,0.46670559597174377
GOBP_NEGATIVE_REGULATION_OF_NERVOUS_SYSTEM_DEVELOPMENT,1.2285630344768041,0.5751180299827119,1.470094706195314,0.34582759689589354
GOBP_NEGATIVE_REGULATION_OF_PRODUCTION_OF_MOLECULAR_MEDIATOR_OF_IMMUNE_RESPONSE,1.2060486383745008,0.599540647892022,1.1941857794188473,0.5191316583804242
GOBP_NEGATIVE_REGULATION_OF_PROGRAMMED_CELL_DEATH,0.8581267764913949,0.9222870349088698,0.7237771571461853,0.9404480546926586
GOBP_NEGATIVE_REGULATION_OF_PROTEOLYSIS,0.9177289277364551,0.8816749958002782,1.1632787812806284,0.5437021014799127
GOBP_NEGATIVE_REGULATION_OF_RESPONSE_TO_BIOTIC_STIMULUS,0.9705057380254672,0.8488775608638367,1.0451580125532554,0.6776190201798765
GOBP_NEGATIVE_REGULATION_OF_RESPONSE_TO_CYTOKINE_STIMULUS,1.0617763096675246,0.7748089834624297,1.3074998735970496,0.44101954011930583
GOBP_NEGATIVE_REGULATION_OF_RESPONSE_TO_EXTERNAL_STIMULUS,1.5906923112702358,0.24431380382364787,1.066404117546977,0.6547578707179472
GOBP_NEGATIVE_REGULATION_OF_RESPONSE_TO_WOUNDING,2.0016666905460374,0.013416728835271566,1.2929878517172964,0.4442424600540144
GOBP_NEGATIVE_REGULATION_OF_SECRETION,1.1743808411536394,0.6500470948580306,1.3615256531746336,0.3630279352522237
GOBP_NEGATIVE_REGULATION_OF_TRANSMEMBRANE_RECEPTOR_PROTEIN_SERINE_THREONINE_KINASE_SIGNALING_PATHWAY,1.634351429949654,0.20751403847327501,1.205185949119234,0.5080976163019673
GOBP_NEGATIVE_REGULATION_OF_TRANSPORT,0.9530890397371768,0.8629886481290656,1.1327406102930782,0.5655410557235716
GOBP_NEGATIVE_REGULATION_OF_TUMOR_NECROSIS_FACTOR_SUPERFAMILY_CYTOKINE_PRODUCTION,1.7399320692152533,0.11091801395673795,0.8396674612029741,0.8943020965399339
GOBP_NEGATIVE_REGULATION_OF_TYPE_II_INTERFERON_PRODUCTION,1.4755911638342643,0.3355753882767167,1.0967848126954833,0.6073394339957108
GOBP_NEGATIVE_REGULATION_OF_T_CELL_PROLIFERATION,1.3518653077906881,0.4337743615083112,1.046009603762496,0.6763812900525608
GOBP_NEGATIVE_REGULATION_OF_VASCULATURE_DEVELOPMENT,1.1186690460143265,0.7104730211858618,1.4833907941026685,0.3603510165973944
GOBP_NEGATIVE_REGULATION_OF_WNT_SIGNALING_PATHWAY,1.6885322281109267,0.1524657667160017,1.1025503178406968,0.6017004517052459
GOBP_NEGATIVE_REGULATION_OF_WOUND_HEALING,1.8401082228371177,0.049680230201462706,0.8348065896857118,0.8983863788254755
GOBP_NEPHRON_DEVELOPMENT,1.221139617842699,0.5858062658309029,0.9478664991096221,0.794419352067363
GOBP_NEURAL_PRECURSOR_CELL_PROLIFERATION,0.6362879881773567,0.98767579354316,1.2498603507327533,0.4650503980414706
GOBP_NEUROINFLAMMATORY_RESPONSE,0.8275749413038253,0.9303714752073262,1.0907011012969234,0.6231116846023623
GOBP_NEUROMUSCULAR_PROCESS,1.1580123275505354,0.6683383073810469,1.0973143223886919,0.6071267926987438
GOBP_NEURON_DEVELOPMENT,0.7989324033517943,0.9473897048219816,0.6725612877479931,0.9576327384005903
GOBP_NEURON_PROJECTION_EXTENSION,0.8217481924984505,0.9315045993556605,0.6092589090683466,0.9725934589266064
GOBP_NEURON_PROJECTION_GUIDANCE,1.2849860694535609,0.508424964565785,0.46811794119292627,0.9958069236021867
GOBP_NEUTRAL_LIPID_METABOLIC_PROCESS,1.3159253499890389,0.4717566744793657,1.2475148714818511,0.47079269593002704
GOBP_NEUTROPHIL_CHEMOTAXIS,1.55961069736774,0.2638083110065014,1.414616845369746,0.401221233155255
GOBP_NEUTROPHIL_MIGRATION,1.4505414163374726,0.3688018621603831,1.3181420404005004,0.43637362147760095
GOBP_NON_CANONICAL_NF_KAPPAB_SIGNAL_TRANSDUCTION,1.0769943543070777,0.7508346135686247,1.5334263636391003,0.32588207896392435
GOBP_NOTCH_SIGNALING_PATHWAY,1.2271454029690252,0.576425546159409,1.4070335730358297,0.3781907124196515
GOBP_NUTRIENT_STORAGE,1.7465537431142317,0.10694307618337569,1.535189791609144,0.3305299359524238
GOBP_ORGANIC_ACID_TRANSPORT,0.5595695485273678,0.9951577195382113,1.1426451717334511,0.5548910505869897
GOBP_ORGANIC_HYDROXY_COMPOUND_TRANSPORT,1.7851773541048668,0.08894679512822955,1.1752367531177534,0.5307730163489236
GOBP_ORGANOPHOSPHATE_CATABOLIC_PROCESS,0.8276507064483838,0.9308072999798588,0.8434853869138805,0.8893581250156715
GOBP_OSSIFICATION,1.471531561538923,0.3399792802675691,1.4171495839563701,0.402311908757837
GOBP_OSTEOBLAST_DIFFERENTIATION,1.376042174322068,0.41781615352603574,1.3875386461294619,0.38413583599272644
GOBP_OSTEOCLAST_DIFFERENTIATION,1.467804426529297,0.34224897542477256,1.5457971608578491,0.32653451914420767
GOBP_OVULATION_CYCLE,1.4762820349363874,0.33818502695118224,0.870426348372419,0.8687984741839024
GOBP_PEPTIDE_TRANSPORT,1.2734927546827308,0.5219826008410179,1.0175582510324217,0.715223260052559
GOBP_PEPTIDYL_AMINO_ACID_MODIFICATION,0.9738174800148179,0.8490826461715753,1.0725124332985123,0.6481460451876588
GOBP_PEPTIDYL_TYROSINE_MODIFICATION,1.165640499434689,0.6621448225421723,0.9688510920787872,0.7747332860825665
GOBP_PHAGOCYTOSIS,1.6717854319662138,0.17007533352638796,0.8255857319432719,0.9027682797143745
GOBP_PHOSPHATIDYLINOSITOL_3_KINASE_PROTEIN_KINASE_B_SIGNAL_TRANSDUCTION,0.9995637815875227,0.8283169440036465,1.0679788443965463,0.6552726615479265
GOBP_PHOSPHORYLATION,0.8230555451741918,0.9325308682855121,0.8235987439974164,0.9021464658342253
GOBP_PLACENTA_DEVELOPMENT,1.178976067554735,0.6433485877553435,1.3806336016561724,0.37928412154504704
GOBP_PLASMA_LIPOPROTEIN_PARTICLE_CLEARANCE,1.670722011061915,0.1701387658938566,1.4980612356132181,0.3482914723203909
GOBP_PLATELET_ACTIVATION,1.1283388771393623,0.6999663873021978,0.7365339920754242,0.9411870710858201
GOBP_PLATELET_AGGREGATION,0.9812972894935817,0.8427030658761505,0.969485496197883,0.7769564397554608
GOBP_POSITIVE_CHEMOTAXIS,1.342750225287309,0.4405770186545412,1.2032665205952149,0.5110447623469314
GOBP_POSITIVE_REGULATION_OF_ACTIVATED_T_CELL_PROLIFERATION,0.9530822800000343,0.8623250665902126,1.2746833102502564,0.44972595275943306
GOBP_POSITIVE_REGULATION_OF_ALPHA_BETA_T_CELL_ACTIVATION,1.0042212466135751,0.8285313058018261,1.3659759801567617,0.374005497809152
GOBP_POSITIVE_REGULATION_OF_BLOOD_VESSEL_ENDOTHELIAL_CELL_MIGRATION,0.8182340317621306,0.933869155666668,1.0292645968422671,0.6987890501271747
GOBP_POSITIVE_REGULATION_OF_CALCIUM_ION_TRANSPORT,0.9488751839056618,0.8601604480678907,1.3627236317665103,0.3671584020078429
GOBP_POSITIVE_REGULATION_OF_CATALYTIC_ACTIVITY,0.6696225568980855,0.9808515417746346,0.8499820539346123,0.8858528636222368
GOBP_POSITIVE_REGULATION_OF_CELLULAR_COMPONENT_BIOGENESIS,0.8573365902902176,0.9208886969702642,0.9596926692035305,0.7921480063847732
GOBP_POSITIVE_REGULATION_OF_CELLULAR_COMPONENT_ORGANIZATION,1.0688372230920873,0.7679450776497542,1.0992304305029192,0.6052512238502514
GOBP_POSITIVE_REGULATION_OF_CELL_ACTIVATION,0.9463431396527808,0.8586737097810847,1.2419668883186425,0.4777570999137954
GOBP_POSITIVE_REGULATION_OF_CELL_ADHESION,1.2478044529019425,0.5491225444490179,1.109082708238448,0.5925000294469684
GOBP_POSITIVE_REGULATION_OF_CELL_CELL_ADHESION,0.8973526365473607,0.90226085921832,1.1404019913635088,0.557841538073638
GOBP_POSITIVE_REGULATION_OF_CELL_DEVELOPMENT,0.9128765199401673,0.8846949507494349,1.3417246729049002,0.3932208767911276
GOBP_POSITIVE_REGULATION_OF_CELL_DIFFERENTIATION,1.2195470373750725,0.586910026045035,1.2573513220513461,0.4633445920568188
GOBP_POSITIVE_REGULATION_OF_CELL_DIVISION,1.0302958620584295,0.7995329442031334,1.2636781853421115,0.45852919417140603
GOBP_POSITIVE_REGULATION_OF_CELL_JUNCTION_ASSEMBLY,1.2680767609600083,0.5261604416154254,0.9469422527916783,0.7929233664622141
GOBP_POSITIVE_REGULATION_OF_CELL_POPULATION_PROLIFERATION,1.5263095509216884,0.30237134583840947,1.0150891144038945,0.7145827849683589
GOBP_POSITIVE_REGULATION_OF_CELL_SUBSTRATE_ADHESION,1.2075520773648745,0.6005417080812471,0.9283235299586583,0.8107258209452337
GOBP_POSITIVE_REGULATION_OF_CHEMOKINE_PRODUCTION,1.1514852275874528,0.6698738338033905,1.3666359658514566,0.37472076378440977
GOBP_POSITIVE_REGULATION_OF_CHEMOTAXIS,1.4922471776210835,0.3224635756356212,1.4590261092533197,0.35200850883382395
GOBP_POSITIVE_REGULATION_OF_COLD_INDUCED_THERMOGENESIS,0.8333358770727916,0.9276574979506828,1.015339029791775,0.7163830521337351
GOBP_POSITIVE_REGULATION_OF_CYTOKINE_PRODUCTION,0.9434040259535222,0.8633390502309589,1.1850769287118252,0.5201856456348174
GOBP_POSITIVE_REGULATION_OF_CYTOSOLIC_CALCIUM_ION_CONCENTRATION,1.114433007415317,0.7115001682311755,1.316188584732036,0.43787251097993096
GOBP_POSITIVE_REGULATION_OF_DEFENSE_RESPONSE,0.7417668656327323,0.9667037618910184,1.1459874161490495,0.555840001035558
GOBP_POSITIVE_REGULATION_OF_DEVELOPMENTAL_PROCESS,1.360367925087679,0.4256929798889736,1.2501251841267402,0.465975703557958
GOBP_POSITIVE_REGULATION_OF_DNA_METABOLIC_PROCESS,0.7459201768444529,0.9662698520171026,1.143302363895616,0.5570765796820132
GOBP_POSITIVE_REGULATION_OF_ENDOCYTOSIS,1.589682773920347,0.24272202694780357,0.8930265030047071,0.8544197242655016
GOBP_POSITIVE_REGULATION_OF_ENDOTHELIAL_CELL_MIGRATION,1.2134730005952221,0.5947946586657393,1.2003093956990187,0.512343824738194
GOBP_POSITIVE_REGULATION_OF_ENDOTHELIAL_CELL_PROLIFERATION,1.659791330118298,0.1834908502348308,0.729152560986265,0.9436392598139312
GOBP_POSITIVE_REGULATION_OF_EPITHELIAL_CELL_PROLIFERATION,1.57863541741771,0.25348746028984426,0.9689427890597486,0.7757699735050804
GOBP_POSITIVE_REGULATION_OF_ERK1_AND_ERK2_CASCADE,1.33924440439803,0.44295000753740277,1.4122786123542919,0.38581918278310595
GOBP_POSITIVE_REGULATION_OF_ESTABLISHMENT_OF_PROTEIN_LOCALIZATION,0.8447900533082858,0.9280158682365253,0.7688880866294183,0.9307359187775165
GOBP_POSITIVE_REGULATION_OF_GENE_EXPRESSION,1.1636650601999203,0.6644554815475872,1.1820427008018182,0.5209127816904641
GOBP_POSITIVE_REGULATION_OF_GROWTH,0.9100764116324961,0.8881500248059189,0.9434233209592373,0.7986674777778637
GOBP_POSITIVE_REGULATION_OF_HEMOPOIESIS,0.9754314065627437,0.8483377617573801,1.3073788672238096,0.4389437707820022
GOBP_POSITIVE_REGULATION_OF_IMMUNE_EFFECTOR_PROCESS,1.0680324204909315,0.7679878739499745,1.436949968308289,0.38408196254403826
GOBP_POSITIVE_REGULATION_OF_IMMUNE_RESPONSE,1.2037438127488347,0.6009543388723043,1.0830411106980373,0.6381206131525096
GOBP_POSITIVE_REGULATION_OF_INTERLEUKIN_10_PRODUCTION,1.4399264799187517,0.36837821939617615,1.2219617700610035,0.4979554944414295
GOBP_POSITIVE_REGULATION_OF_INTERLEUKIN_6_PRODUCTION,1.216080637339774,0.5906680968346105,1.423709339310608,0.39341566417913043
GOBP_POSITIVE_REGULATION_OF_INTERLEUKIN_8_PRODUCTION,1.5598017557024157,0.2650960054357126,1.3735249327727725,0.37398837427847903
GOBP_POSITIVE_REGULATION_OF_INTRACELLULAR_SIGNAL_TRANSDUCTION,1.0031614192021447,0.8285123244325029,1.1632072390949675,0.5424632154530975
GOBP_POSITIVE_REGULATION_OF_KINASE_ACTIVITY,0.7664801881193726,0.9634445336819212,0.9121239888077702,0.8307173353324652
GOBP_POSITIVE_REGULATION_OF_LEUKOCYTE_CELL_CELL_ADHESION,0.8166653789449548,0.9326822472999302,1.1044606074911065,0.5987407013095634
GOBP_POSITIVE_REGULATION_OF_LEUKOCYTE_CHEMOTAXIS,1.463411590027809,0.34591073669217637,1.6609052114990475,0.20345914682256927
GOBP_POSITIVE_REGULATION_OF_LEUKOCYTE_MEDIATED_IMMUNITY,0.9236064252937255,0.8771664798108257,1.4147879696393113,0.4057825681277138
GOBP_POSITIVE_REGULATION_OF_LEUKOCYTE_MIGRATION,1.1736076734728316,0.6496645487883587,1.6595505084560505,0.18895753830286555
GOBP_POSITIVE_REGULATION_OF_LEUKOCYTE_PROLIFERATION,0.9904476184494114,0.8344352095200913,1.0081984089309808,0.723340329163295
GOBP_POSITIVE_REGULATION_OF_LIPID_LOCALIZATION,1.6778842513825944,0.16531935426952973,0.9473839594220393,0.7942882781599425
GOBP_POSITIVE_REGULATION_OF_LIPID_TRANSPORT,1.6232268020765728,0.2201511118492613,1.0379335537945538,0.6884333458184589
GOBP_POSITIVE_REGULATION_OF_LOCOMOTION,1.1812820899354064,0.6409806667178475,1.3641443211562587,0.36823013398555365
GOBP_POSITIVE_REGULATION_OF_LYMPHOCYTE_DIFFERENTIATION,1.000751688541959,0.8309040792046826,1.149085227327072,0.5543342046082564
GOBP_POSITIVE_REGULATION_OF_LYMPHOCYTE_MIGRATION,0.6808949392370098,0.9792416909548419,1.634053806636023,0.2231659845571511
GOBP_POSITIVE_REGULATION_OF_MAPK_CASCADE,1.2320902641064784,0.5703259760319154,1.300933248297356,0.4410297832729791
GOBP_POSITIVE_REGULATION_OF_MIRNA_METABOLIC_PROCESS,0.9071041736831228,0.889277434897987,1.136198787595442,0.565590557979083
GOBP_POSITIVE_REGULATION_OF_MOLECULAR_FUNCTION,0.7463009266105491,0.9663052667103162,0.8637728077876967,0.8709959298021209
GOBP_POSITIVE_REGULATION_OF_MONOATOMIC_ION_TRANSMEMBRANE_TRANSPORT,1.3933101512412964,0.3993913124012671,1.6848128078800644,0.18636796535291847
GOBP_POSITIVE_REGULATION_OF_MONOATOMIC_ION_TRANSPORT,1.1155627974933233,0.7121476355167458,1.5719395904224243,0.3018967608732677
GOBP_POSITIVE_REGULATION_OF_MONONUCLEAR_CELL_MIGRATION,0.9076478797400567,0.8893381123097404,1.5245246866331499,0.316516718643968
GOBP_POSITIVE_REGULATION_OF_MYELOID_CELL_DIFFERENTIATION,0.6313803472055816,0.9855506563544852,1.4314700703291248,0.3982129393695719
GOBP_POSITIVE_REGULATION_OF_MYELOID_LEUKOCYTE_DIFFERENTIATION,0.890740493737214,0.9046802616701979,1.4747420141223726,0.3551984218910278
GOBP_POSITIVE_REGULATION_OF_NERVOUS_SYSTEM_DEVELOPMENT,0.8609484927669732,0.9217980279155097,1.215781492249417,0.5025190995430225
GOBP_POSITIVE_REGULATION_OF_NEUROGENESIS,0.77396986906993,0.9568279548272418,1.397445976896032,0.38917139669309453
GOBP_POSITIVE_REGULATION_OF_NF_KAPPAB_TRANSCRIPTION_FACTOR_ACTIVITY,0.5948259827614204,0.9885944996782147,0.8841266210296687,0.8605983538904025
GOBP_POSITIVE_REGULATION_OF_NON_CANONICAL_NF_KAPPAB_SIGNAL_TRANSDUCTION,1.0285684873089427,0.7970069674805926,1.3108515609141709,0.44268815743217904
GOBP_POSITIVE_REGULATION_OF_ORGANELLE_ORGANIZATION,0.7757817295939776,0.9568237342983864,1.0138519343952284,0.7154412714268259
GOBP_POSITIVE_REGULATION_OF_PEPTIDYL_TYROSINE_PHOSPHORYLATION,1.24778028221129,0.5482641765317301,1.0485225157589815,0.675087235453727
GOBP_POSITIVE_REGULATION_OF_PHAGOCYTOSIS,1.6312917590861313,0.2095179519677341,0.8747336414986823,0.8694915033315839
GOBP_POSITIVE_REGULATION_OF_PHOSPHATIDYLINOSITOL_3_KINASE_PROTEIN_KINASE_B_SIGNAL_TRANSDUCTION,0.9584022159671767,0.8590193429562611,1.2187155779181067,0.5014294174423662
GOBP_POSITIVE_REGULATION_OF_PHOSPHORUS_METABOLIC_PROCESS,0.9153858044910393,0.8839465051993632,1.1843859203416107,0.5193902727642703
GOBP_POSITIVE_REGULATION_OF_PHOSPHORYLATION,0.9551201918865795,0.8606148968906293,1.138685690206005,0.5605638756538864
GOBP_POSITIVE_REGULATION_OF_PROGRAMMED_CELL_DEATH,1.0045721240405954,0.8282583930307159,1.021710664433027,0.7098788556291311
GOBP_POSITIVE_REGULATION_OF_PROTEIN_CATABOLIC_PROCESS,0.7570530481239157,0.9651428264326725,1.0730498141539602,0.6504051607030987
GOBP_POSITIVE_REGULATION_OF_PROTEIN_CONTAINING_COMPLEX_ASSEMBLY,0.9864377396659947,0.8395503982652925,1.1028877695325845,0.60190006661023
GOBP_POSITIVE_REGULATION_OF_PROTEIN_LOCALIZATION,1.1360684611918217,0.6943680809915128,0.913681720974861,0.8311530230276717
GOBP_POSITIVE_REGULATION_OF_PROTEIN_LOCALIZATION_TO_CELL_PERIPHERY,0.8580130801356807,0.9219319197539632,1.3141572898088854,0.4421091688940949
GOBP_POSITIVE_REGULATION_OF_PROTEIN_LOCALIZATION_TO_MEMBRANE,0.8490025344290512,0.923839890834072,1.148323337502674,0.5553472878954643
GOBP_POSITIVE_REGULATION_OF_PROTEIN_METABOLIC_PROCESS,0.9768152421117122,0.8482676774644639,0.8863696871840359,0.8587605536379578
GOBP_POSITIVE_REGULATION_OF_PROTEIN_MODIFICATION_PROCESS,0.7645611792912418,0.9623265789130833,1.0608973691943655,0.6633901702969938
GOBP_POSITIVE_REGULATION_OF_PROTEIN_TRANSPORT,0.966134776390117,0.8527754170612543,0.8642030661686547,0.8714572227465908
GOBP_POSITIVE_REGULATION_OF_PROTEOLYSIS,0.9192325725576269,0.8825514686557796,1.1931517049236349,0.5190197831717577
GOBP_POSITIVE_REGULATION_OF_REACTIVE_OXYGEN_SPECIES_METABOLIC_PROCESS,1.2320179557705249,0.5686993124774646,1.1769082983772317,0.52867713764106
GOBP_POSITIVE_REGULATION_OF_RECEPTOR_MEDIATED_ENDOCYTOSIS,1.008138174610966,0.824282600810098,1.065220776857868,0.6557016194865746
GOBP_POSITIVE_REGULATION_OF_RESPONSE_TO_BIOTIC_STIMULUS,0.7482337852147164,0.9653925252520303,1.0684933247146482,0.6550181583479121
GOBP_POSITIVE_REGULATION_OF_RESPONSE_TO_CYTOKINE_STIMULUS,1.3333351206680417,0.44475491487505714,0.6923956419203033,0.9537481278507779
GOBP_POSITIVE_REGULATION_OF_RESPONSE_TO_EXTERNAL_STIMULUS,1.105065752935709,0.7231098059135557,1.2163156867959095,0.5040938109890419
GOBP_POSITIVE_REGULATION_OF_RESPONSE_TO_WOUNDING,1.116077451549241,0.7131517957334208,1.4757504895400044,0.36604669431110776
GOBP_POSITIVE_REGULATION_OF_SECRETION,0.915717857752742,0.8838321273340726,1.3271560982511348,0.4139933343863813
GOBP_POSITIVE_REGULATION_OF_TRANSMEMBRANE_TRANSPORT,1.2734006279328456,0.5212928154954222,1.7687966564519149,0.1417026704808117
GOBP_POSITIVE_REGULATION_OF_TRANSPORT,1.317319943219312,0.4709242829449343,1.1858295043695306,0.5193094324429036
GOBP_POSITIVE_REGULATION_OF_TUMOR_NECROSIS_FACTOR_SUPERFAMILY_CYTOKINE_PRODUCTION,1.1462480416500689,0.6761334360050362,1.2797672142661023,0.450089248075479
GOBP_POSITIVE_REGULATION_OF_T_CELL_MEDIATED_IMMUNITY,0.775031405385796,0.9568654815224469,1.1743021063553005,0.5321713051628832
GOBP_POSITIVE_REGULATION_OF_T_CELL_PROLIFERATION,1.0864323739439525,0.7357321270837226,1.0372736057516465,0.6878268983649222
GOBP_POSITIVE_REGULATION_OF_VASCULATURE_DEVELOPMENT,1.1345826177250649,0.6962271568610106,1.2049133884544698,0.5073035700569191
GOBP_POSITIVE_REGULATION_OF_VIRAL_PROCESS,0.8229604552768939,0.9321329858571358,0.8680472036223191,0.8707338092475208
GOBP_POSITIVE_T_CELL_SELECTION,1.116244623359944,0.7143072723447861,1.1147856412528263,0.588256926323735
GOBP_POSTSYNAPSE_ORGANIZATION,0.9074933363047667,0.8890496377840428,0.7701019671601063,0.9316790739507513
GOBP_PRODUCTION_OF_MOLECULAR_MEDIATOR_INVOLVED_IN_INFLAMMATORY_RESPONSE,0.8091398129976406,0.9408645780963303,1.5592017773637528,0.33392717376089004
GOBP_PRODUCTION_OF_MOLECULAR_MEDIATOR_OF_IMMUNE_RESPONSE,0.8685685597894995,0.9173730384736621,1.3869336364636524,0.3752414466739472
GOBP_PROTEIN_AUTOPHOSPHORYLATION,0.7953558588569087,0.9503996191429035,0.613357007706823,0.9730158154521091
GOBP_PROTEIN_LOCALIZATION_TO_CELL_PERIPHERY,0.825973612827052,0.931125927427325,0.8275099968933037,0.9012070653666254
GOBP_PROTEIN_LOCALIZATION_TO_EXTRACELLULAR_REGION,1.3728045980074342,0.4183623552169859,1.134819624050077,0.568507381552705
GOBP_PROTEIN_LOCALIZATION_TO_MEMBRANE,0.9530224955132124,0.8617877540525988,0.8870112332424925,0.8599247389973397
GOBP_PROTEIN_LOCALIZATION_TO_PLASMA_MEMBRANE,0.8433242455818205,0.9272305960903223,0.9820095784544601,0.761661254376782
GOBP_PROTEIN_MATURATION,1.3863110352761936,0.40418685916721236,0.8297977946361961,0.8989514812445591
GOBP_PROTEIN_POLYMERIZATION,1.0637663268187816,0.7720534235895119,0.5656983394825421,0.9837314296962676
GOBP_PROTEIN_PROCESSING,1.8823920827237623,0.037842842017657405,0.7553775024961686,0.9337498785016681
GOBP_REACTIVE_NITROGEN_SPECIES_METABOLIC_PROCESS,0.8223602003656351,0.932718029489273,0.9925420078091954,0.7531054625306856
GOBP_REACTIVE_OXYGEN_SPECIES_METABOLIC_PROCESS,1.2683914063021346,0.5262309383770213,1.2386186654369558,0.477201654698548
GOBP_RECEPTOR_MEDIATED_ENDOCYTOSIS,1.163651676284173,0.6636091875421181,1.0760015209049467,0.6464979141036777
GOBP_REGENERATION,1.4679830172888106,0.34324691307129185,1.2681171580596404,0.45624889436565996
GOBP_REGULATION_OF_ACTIN_FILAMENT_BASED_PROCESS,1.0347063734414321,0.7944764396302125,0.8685062751047494,0.871049751705363
GOBP_REGULATION_OF_ACTIN_FILAMENT_LENGTH,1.1040711443961229,0.7227748485316399,0.8169409291154411,0.9045744188913727
GOBP_REGULATION_OF_ACTIN_FILAMENT_ORGANIZATION,0.935418575593354,0.8686310030898523,0.7219587691488286,0.9397656484576803
GOBP_REGULATION_OF_ACTIN_FILAMENT_POLYMERIZATION,1.0407708684906902,0.7891290078575013,0.9637745119520633,0.7846084773188937
GOBP_REGULATION_OF_ADAPTIVE_IMMUNE_RESPONSE,0.9966703373974672,0.8281975637585554,1.2920687013318595,0.4427589122671865
GOBP_REGULATION_OF_ALPHA_BETA_T_CELL_ACTIVATION,0.985350178134554,0.8403568430832609,1.2435160466879378,0.48191894536341545
GOBP_REGULATION_OF_ALPHA_BETA_T_CELL_DIFFERENTIATION,0.843422956081057,0.927651908932753,1.3515000738080851,0.3807930383663404
GOBP_REGULATION_OF_ANATOMICAL_STRUCTURE_MORPHOGENESIS,1.1563029183947244,0.670749425196109,1.2272616153369893,0.494490220524961
GOBP_REGULATION_OF_ANATOMICAL_STRUCTURE_SIZE,1.3097210726380728,0.47995755183057776,1.1721197070276566,0.5331677144514083
GOBP_REGULATION_OF_BLOOD_PRESSURE,1.003165601165903,0.829239480714476,1.4709274095873437,0.35590841723584493
GOBP_REGULATION_OF_BMP_SIGNALING_PATHWAY,1.8726281309581276,0.03820723586299856,0.8824421283652953,0.8624930662286848
GOBP_REGULATION_OF_BODY_FLUID_LEVELS,1.61530501664939,0.22607087209772175,0.8951793722857094,0.8514399702041697
GOBP_REGULATION_OF_B_CELL_ACTIVATION,0.6825911407870484,0.9803409642952523,1.0116963174455733,0.7186110139533172
GOBP_REGULATION_OF_B_CELL_MEDIATED_IMMUNITY,1.032138101329145,0.7987513498700811,1.1543945724645799,0.550317500254309
GOBP_REGULATION_OF_CALCIUM_ION_TRANSMEMBRANE_TRANSPORT,1.0906454802305443,0.7334955764530554,1.4901711255169339,0.35968301393007907
GOBP_REGULATION_OF_CALCIUM_ION_TRANSPORT,0.7818339288758228,0.9569484718462946,1.263162267535778,0.456171864869831
GOBP_REGULATION_OF_CANONICAL_WNT_SIGNALING_PATHWAY,1.1687562800171274,0.6589273584246735,1.0364507151803233,0.6889570654625722
GOBP_REGULATION_OF_CD4_POSITIVE_ALPHA_BETA_T_CELL_ACTIVATION,0.7110002005227354,0.9790048208426688,1.1920289303673266,0.5178603053546681
GOBP_REGULATION_OF_CD4_POSITIVE_ALPHA_BETA_T_CELL_DIFFERENTIATION,0.6095250875584881,0.9893628061422032,1.3095618582615798,0.4417754591722321
GOBP_REGULATION_OF_CELLULAR_COMPONENT_SIZE,1.1000996277969346,0.7239125099224333,0.8331855473700537,0.8997107180954287
GOBP_REGULATION_OF_CELLULAR_LOCALIZATION,0.8869926064973473,0.9081647070900328,1.162392892136603,0.5421243410331484
GOBP_REGULATION_OF_CELLULAR_RESPONSE_TO_GROWTH_FACTOR_STIMULUS,1.585915733875461,0.24520819503575983,1.2089945174603238,0.509202513611079
GOBP_REGULATION_OF_CELLULAR_RESPONSE_TO_TRANSFORMING_GROWTH_FACTOR_BETA_STIMULUS,1.151082483001636,0.669437635792838,0.9927271820059361,0.7538667227434038
GOBP_REGULATION_OF_CELL_ACTIVATION,0.8493673386708462,0.9243134749419739,1.1009572676016683,0.6025662014875763
GOBP_REGULATION_OF_CELL_ADHESION,1.1238405121897292,0.705911787704002,1.0439842887792299,0.6798254491241307
GOBP_REGULATION_OF_CELL_CELL_ADHESION,0.8725298210025151,0.917510485376577,1.1470519931753889,0.5538263168539045
GOBP_REGULATION_OF_CELL_DEVELOPMENT,1.116768891790365,0.714429256370619,1.209495336609022,0.512559752967046
GOBP_REGULATION_OF_CELL_DIFFERENTIATION,1.3488760522427063,0.43354932826895926,1.2194443457825013,0.5008519453749976
GOBP_REGULATION_OF_CELL_DIVISION,1.001867599584028,0.8292413358056056,1.2636781853421115,0.45852919417140603
GOBP_REGULATION_OF_CELL_GROWTH,1.0137362432757482,0.8174554544800596,1.1209463636270744,0.5812944219397447
GOBP_REGULATION_OF_CELL_JUNCTION_ASSEMBLY,0.7747746934552527,0.9566882956823871,1.1607552548536293,0.5400817602302391
GOBP_REGULATION_OF_CELL_KILLING,1.0430150990334397,0.788725633350567,1.1053840018126178,0.5984689806326782
GOBP_REGULATION_OF_CELL_SHAPE,0.9633880480913609,0.8558797434573241,1.1918698704779591,0.5169219883593488
GOBP_REGULATION_OF_CELL_SIZE,1.0040633377147474,0.8282595749986081,0.8712575807169524,0.868522850327192
GOBP_REGULATION_OF_CELL_SUBSTRATE_ADHESION,0.9912277574767643,0.8344722714663391,0.8768527749966059,0.869215844861251
GOBP_REGULATION_OF_CHEMOTAXIS,1.4054726107766635,0.3951613461961688,1.483320041802185,0.35303185258750086
GOBP_REGULATION_OF_COAGULATION,1.7498168332570487,0.10488048598086573,0.8716887736689655,0.8701387265527608
GOBP_REGULATION_OF_COLLAGEN_METABOLIC_PROCESS,1.3614983382409063,0.43017789329954514,1.275533092233869,0.4491178815379983
GOBP_REGULATION_OF_DEFENSE_RESPONSE,1.097475694532994,0.7276196809369254,1.0554626687900996,0.6655052678768802
GOBP_REGULATION_OF_DEVELOPMENTAL_GROWTH,1.057627868116591,0.7727555967374441,0.951785551794022,0.7951549746296752
GOBP_REGULATION_OF_DNA_METABOLIC_PROCESS,0.8253149375666962,0.9312022083100251,0.9260589019754811,0.8131790987264484
GOBP_REGULATION_OF_ENDOCRINE_PROCESS,1.522990563103355,0.30219666909483933,0.747656431937929,0.938424878127184
GOBP_REGULATION_OF_ENDOCYTOSIS,1.1798099075184862,0.641701688513405,0.8330393711704034,0.8987654872349099
GOBP_REGULATION_OF_ENDOTHELIAL_CELL_MIGRATION,1.1138396605680303,0.7123803842642228,1.4580470758440234,0.34992339781721243
GOBP_REGULATION_OF_EPITHELIAL_CELL_DIFFERENTIATION,1.3535848820534957,0.43341025767771324,1.2611149055199795,0.45702617310780536
GOBP_REGULATION_OF_EPITHELIAL_CELL_PROLIFERATION,1.4324276139900745,0.37286008387249503,0.9497580565537491,0.794927318221993
GOBP_REGULATION_OF_EXOCYTOSIS,0.8081743077509416,0.9414487259928366,0.7439246738392932,0.9398702961707609
GOBP_REGULATION_OF_EXTENT_OF_CELL_GROWTH,0.9976633866464351,0.829062362048463,0.8720059268192489,0.8719885981965676
GOBP_REGULATION_OF_EXTRACELLULAR_MATRIX_ORGANIZATION,1.6039391084286543,0.22996396880142425,1.1846168632779055,0.5201175963974962
GOBP_REGULATION_OF_EXTRINSIC_APOPTOTIC_SIGNALING_PATHWAY,0.8736365739235142,0.9176203604184245,0.6306329857533138,0.9729195590906187
GOBP_REGULATION_OF_FAT_CELL_DIFFERENTIATION,0.850914337224394,0.9247786134709922,1.20685855819499,0.5093943807191241
GOBP_REGULATION_OF_GLIOGENESIS,1.0476658983987743,0.785392637280455,1.58510104536894,0.28295714172553776
GOBP_REGULATION_OF_GRANULOCYTE_CHEMOTAXIS,1.28374490714826,0.5099024003808564,0.9136929279351298,0.8323343586764779
GOBP_REGULATION_OF_GROWTH,1.0693155318233534,0.7672682219293189,1.0419474233109773,0.6832948171531591
GOBP_REGULATION_OF_HEMOPOIESIS,1.0927788483420153,0.7296403809079036,1.3483109748372542,0.37783518305462965
GOBP_REGULATION_OF_HORMONE_LEVELS,1.0669648503483944,0.7679840131248421,1.1014385614196982,0.6037381588312113
GOBP_REGULATION_OF_HORMONE_SECRETION,1.2481057439488576,0.5509619479301776,1.2162656001077348,0.502556473561093
GOBP_REGULATION_OF_HUMORAL_IMMUNE_RESPONSE,1.6540393124735686,0.18787455475796816,1.2737493169862424,0.4506093366264169
GOBP_REGULATION_OF_IMMUNE_EFFECTOR_PROCESS,1.1242199128986574,0.7055793652256399,1.2265407689270555,0.493304854692893
GOBP_REGULATION_OF_IMMUNE_RESPONSE,1.2016011880693085,0.6045247281713862,1.0481118322046756,0.6750803785874919
GOBP_REGULATION_OF_INFLAMMATORY_RESPONSE,1.1964841338797225,0.6143245252995313,1.151105569847773,0.5535337981888394
GOBP_REGULATION_OF_INNATE_IMMUNE_RESPONSE,0.9104685301603828,0.8878524305560449,0.9298766534502994,0.8122109288799975
GOBP_REGULATION_OF_INSULIN_SECRETION,1.0942653957356938,0.7299760739294753,1.390352608935324,0.3896522881087534
GOBP_REGULATION_OF_KINASE_ACTIVITY,0.6605174522949302,0.9807370548656142,0.813209536442747,0.9038733931052289
GOBP_REGULATION_OF_LEUKOCYTE_APOPTOTIC_PROCESS,1.0874457051751933,0.7342333379502917,0.741004199621989,0.9392584100970427
GOBP_REGULATION_OF_LEUKOCYTE_CHEMOTAXIS,1.5011870648062267,0.31814979955792294,1.740115064055792,0.1589045571617756
GOBP_REGULATION_OF_LEUKOCYTE_DIFFERENTIATION,1.0994109489801298,0.7251675777185104,1.3326890345593696,0.40149586723716635
GOBP_REGULATION_OF_LEUKOCYTE_MEDIATED_IMMUNITY,0.8443618892073976,0.9270373680614521,1.15926803443324,0.5406533575757714
GOBP_REGULATION_OF_LEUKOCYTE_MIGRATION,1.1496634007537117,0.67112321154021,1.5851030147923582,0.2986769829325121
GOBP_REGULATION_OF_LEUKOCYTE_PROLIFERATION,1.3418854184866142,0.4408764974187297,1.0415870783798578,0.6830516191455067
GOBP_REGULATION_OF_LIPID_BIOSYNTHETIC_PROCESS,0.986566106243997,0.8399177354334565,1.3599297010934306,0.36264292579576085
GOBP_REGULATION_OF_LIPID_LOCALIZATION,1.9221177561018175,0.022523067327274934,1.1304872206303347,0.5696503308559477
GOBP_REGULATION_OF_LIPID_METABOLIC_PROCESS,1.2138044508812527,0.5955995231664701,1.446504760561176,0.3554666803486435
GOBP_REGULATION_OF_LOCOMOTION,1.1777934068040334,0.6450880517077996,1.257100687294267,0.4603843038090376
GOBP_REGULATION_OF_LYMPHOCYTE_ACTIVATION,0.9631760394634683,0.8557491504386744,1.0846899241201013,0.6358894721847927
GOBP_REGULATION_OF_LYMPHOCYTE_DIFFERENTIATION,0.8078906163801677,0.941344906999578,1.1085914649414936,0.5927140863077557
GOBP_REGULATION_OF_LYMPHOCYTE_MEDIATED_IMMUNITY,1.0392843518748685,0.7903701052620227,1.3376777148912813,0.39352692264529676
GOBP_REGULATION_OF_LYMPHOCYTE_MIGRATION,0.8142426752289911,0.9364218512587494,1.5427174755126016,0.3147434315487259
GOBP_REGULATION_OF_MACROPHAGE_ACTIVATION,0.8579319317567554,0.9214836395101177,1.1790134804604218,0.5262178088727827
GOBP_REGULATION_OF_MIRNA_METABOLIC_PROCESS,0.8771112266513998,0.9155667799453009,1.3008662932859678,0.43655540137821874
GOBP_REGULATION_OF_MONOATOMIC_ION_TRANSMEMBRANE_TRANSPORT,1.0325596408909026,0.7982454379310778,1.6045032015797784,0.26256295598555446
GOBP_REGULATION_OF_MONOATOMIC_ION_TRANSPORT,0.7680570313488985,0.9623020849248562,1.4031770636360112,0.3824521672421783
GOBP_REGULATION_OF_MONONUCLEAR_CELL_MIGRATION,0.8357226808484192,0.9272071949167366,1.5259600056700164,0.33023151640070764
GOBP_REGULATION_OF_MULTICELLULAR_ORGANISMAL_DEVELOPMENT,1.3547036949245275,0.432515064370173,1.2198106710275938,0.5014697695408312
GOBP_REGULATION_OF_MUSCLE_CELL_DIFFERENTIATION,0.8412095967483895,0.9265755545857003,0.7697452015818758,0.9309264607499124
GOBP_REGULATION_OF_MUSCLE_SYSTEM_PROCESS,0.7341369899969513,0.9703548918410901,0.7409661451866841,0.938151397994874
GOBP_REGULATION_OF_MYELOID_CELL_DIFFERENTIATION,1.2555513500040025,0.542794597743622,1.5844129356025851,0.27090416786872484
GOBP_REGULATION_OF_MYELOID_LEUKOCYTE_DIFFERENTIATION,1.4107933754174233,0.3946414524600925,1.625628993546817,0.2326999210986406
GOBP_REGULATION_OF_NATURAL_KILLER_CELL_ACTIVATION,1.5407124913725347,0.2848677527298081,1.0744355022346224,0.6487086940956062
GOBP_REGULATION_OF_NATURAL_KILLER_CELL_MEDIATED_IMMUNITY,1.190251657083976,0.624749923452262,1.4139904410250055,0.3934168273108065
GOBP_REGULATION_OF_NERVOUS_SYSTEM_DEVELOPMENT,1.0507671154422122,0.7817879548864204,1.1718104760316952,0.5312146985933313
GOBP_REGULATION_OF_NEUROGENESIS,1.0609612309332752,0.7740024877894554,1.3110273413248026,0.44469730605428137
GOBP_REGULATION_OF_NON_CANONICAL_NF_KAPPAB_SIGNAL_TRANSDUCTION,1.0267353352131126,0.8007419833492955,1.4130912354671754,0.3874925704116427
GOBP_REGULATION_OF_ORGANIC_ACID_TRANSPORT,0.7776266094363845,0.9561875147632081,1.1621670126463206,0.5399490782575644
GOBP_REGULATION_OF_OSTEOBLAST_DIFFERENTIATION,0.9737867392305172,0.8484663407483249,1.2839969311884518,0.45147883608801925
GOBP_REGULATION_OF_OSTEOCLAST_DIFFERENTIATION,1.5656237891834508,0.262554594073048,1.8206851072218455,0.08890480046993232
GOBP_REGULATION_OF_PEPTIDE_TRANSPORT,1.1677495248441,0.6592573288606586,1.2701438732507886,0.45579208970424157
GOBP_REGULATION_OF_PEPTIDYL_TYROSINE_PHOSPHORYLATION,1.121222064292811,0.7085092687416618,0.9528345421470776,0.7964131319987212
GOBP_REGULATION_OF_PHAGOCYTOSIS,1.3999313885670244,0.3952306032953923,0.903788012815104,0.8415379854175383
GOBP_REGULATION_OF_PHOSPHORUS_METABOLIC_PROCESS,0.9152990824817857,0.8828534241789027,0.9168783759245344,0.826694605263176
GOBP_REGULATION_OF_PHOSPHORYLATION,0.8273402297326914,0.9296511648334032,0.956061988648654,0.7947993827727013
GOBP_REGULATION_OF_PLASMA_LIPOPROTEIN_PARTICLE_LEVELS,1.784953783738103,0.08552284526366692,1.1959917959959783,0.5214072641539231
GOBP_REGULATION_OF_POSITIVE_CHEMOTAXIS,1.6100624366050418,0.23250728425703718,1.060618151876039,0.6629053551751695
GOBP_REGULATION_OF_PROTEIN_CONTAINING_COMPLEX_ASSEMBLY,0.8567463881496886,0.9202401306624454,1.008132213726988,0.7222893615997915
GOBP_REGULATION_OF_PROTEIN_LOCALIZATION,0.8941361903958811,0.9026403115636028,1.0565293979933774,0.6673590011588763
GOBP_REGULATION_OF_PROTEIN_LOCALIZATION_TO_MEMBRANE,0.9388788705950136,0.8672815870799762,1.046319441579148,0.6768026373912864
GOBP_REGULATION_OF_PROTEIN_MODIFICATION_PROCESS,0.7550323928505608,0.9646276132676064,0.8770729080808283,0.8700316372450533
GOBP_REGULATION_OF_PROTEIN_POLYMERIZATION,0.9973381370911846,0.8284786260326753,0.864509777484089,0.8721163460816549
GOBP_REGULATION_OF_PROTEIN_SECRETION,1.141661223354016,0.6873230338801667,1.470289506113315,0.35170194055634146
GOBP_REGULATION_OF_PROTEIN_TRANSPORT,0.9131623351981197,0.8846694566611746,1.1156486813074606,0.5867979087064117
GOBP_REGULATION_OF_REACTIVE_OXYGEN_SPECIES_METABOLIC_PROCESS,1.0938771810095718,0.7295412843788547,0.9376146976872503,0.8020314207842335
GOBP_REGULATION_OF_RECEPTOR_MEDIATED_ENDOCYTOSIS,0.9404773489334236,0.8666398051908013,1.065220776857868,0.6557016194865746
GOBP_REGULATION_OF_RECEPTOR_SIGNALING_PATHWAY_VIA_JAK_STAT,0.7888851601424135,0.9547774722457385,1.409375570642942,0.38303616033185967
GOBP_REGULATION_OF_REPRODUCTIVE_PROCESS,1.375662454988544,0.4165992918584497,1.268274455588126,0.45778161728631417
GOBP_REGULATION_OF_RESPONSE_TO_BIOTIC_STIMULUS,0.837534132108298,0.9283816038977581,1.021670006678119,0.7087790805794213
GOBP_REGULATION_OF_RESPONSE_TO_CYTOKINE_STIMULUS,0.9342919715430159,0.8688192624801508,0.9880107894269018,0.7550120581365064
GOBP_REGULATION_OF_RESPONSE_TO_EXTERNAL_STIMULUS,1.2931045677361084,0.4983784333488969,1.0728251110832128,0.6497581571512665
GOBP_REGULATION_OF_RESPONSE_TO_WOUNDING,1.5977257568092285,0.23888713866861488,1.394954820421418,0.3856050889533568
GOBP_REGULATION_OF_SECRETION,1.038875430525836,0.7900776513844917,1.298131483249058,0.4411033457798566
GOBP_REGULATION_OF_SMALL_GTPASE_MEDIATED_SIGNAL_TRANSDUCTION,0.9059707822358459,0.8912306535743223,0.6825852393618285,0.9528224008507785
GOBP_REGULATION_OF_SMALL_MOLECULE_METABOLIC_PROCESS,1.0298722760427008,0.7976979151597715,1.28050563498605,0.4519872206055948
GOBP_REGULATION_OF_STEROID_METABOLIC_PROCESS,0.9803712173368807,0.8437109446483755,1.0861608163501129,0.635474359476165
GOBP_REGULATION_OF_SUPRAMOLECULAR_FIBER_ORGANIZATION,0.93516816831411,0.8685990247954812,0.7737186768797952,0.9298222283052905
GOBP_REGULATION_OF_SYNAPSE_STRUCTURE_OR_ACTIVITY,0.9929028509465468,0.8336197455728804,0.813126248637146,0.9028336878867632
GOBP_REGULATION_OF_SYSTEMIC_ARTERIAL_BLOOD_PRESSURE,1.3705332756383317,0.4197898833093337,1.5134624424603718,0.3372818771340153
GOBP_REGULATION_OF_SYSTEM_PROCESS,1.0409070596054089,0.7895010378581446,1.2431661573405657,0.47739033119688734
GOBP_REGULATION_OF_TISSUE_REMODELING,1.5909001774646632,0.24570483082116581,1.1627651270053798,0.5423446950518459
GOBP_REGULATION_OF_TRANSMEMBRANE_RECEPTOR_PROTEIN_SERINE_THREONINE_KINASE_SIGNALING_PATHWAY,1.476105124473534,0.33716223456520245,1.1610146937842745,0.5407608274194371
GOBP_REGULATION_OF_TUBE_SIZE,1.4948966135157398,0.3188045822559449,1.5434128964614855,0.3237133922602517
GOBP_REGULATION_OF_T_CELL_ACTIVATION,0.8947799272753745,0.9017701013061009,1.1066102139388312,0.596097674306687
GOBP_REGULATION_OF_T_CELL_MEDIATED_IMMUNITY,0.8133383738760654,0.9357501023743271,1.379281401767639,0.37395215955596345
GOBP_REGULATION_OF_T_CELL_MIGRATION,0.6558586765582808,0.9821261583576588,1.1943416408647873,0.521785496855309
GOBP_REGULATION_OF_VASCULATURE_DEVELOPMENT,1.3518034629086018,0.4329143282541451,1.3906025251842742,0.3925895149464338
GOBP_REGULATION_OF_VESICLE_MEDIATED_TRANSPORT,0.9878902677718397,0.8391239564773226,0.7417662173345011,0.9396918819108973
GOBP_REGULATION_OF_VIRAL_LIFE_CYCLE,0.8288207514516529,0.9321022328518426,1.418045769908412,0.40407291534677264
GOBP_REGULATION_OF_VIRAL_PROCESS,0.9850644003668653,0.8404546649174383,1.2776737397874607,0.450664829883185
GOBP_REGULATION_OF_WNT_SIGNALING_PATHWAY,1.241610620685935,0.5566886878823637,0.9554637047155767,0.7950544255008777
GOBP_REGULATION_OF_WOUND_HEALING,1.63012131850335,0.2097179811083207,1.311931661604662,0.4470212942352688
GOBP_RENAL_SYSTEM_DEVELOPMENT,1.091723851922133,0.7311698955873506,0.6028848497032145,0.9731655421940681
GOBP_RENAL_SYSTEM_PROCESS,1.0825144810616942,0.7433644221838065,1.1340996528143674,0.5653330132305296
GOBP_RENAL_SYSTEM_VASCULATURE_DEVELOPMENT,1.2924982520402413,0.49713910511668513,0.9507235237235886,0.7951420443110124
GOBP_REPRODUCTIVE_SYSTEM_DEVELOPMENT,1.446117166573099,0.36875754512955466,0.7836860121963131,0.9238933053694679
GOBP_RESPIRATORY_SYSTEM_DEVELOPMENT,1.5526848570125988,0.2658479788379923,1.0478950883291327,0.6744275436757898
GOBP_RESPONSE_TO_ABIOTIC_STIMULUS,1.2305997995131714,0.5719139738207846,1.0467805475411842,0.6766240925275908
GOBP_RESPONSE_TO_ACID_CHEMICAL,1.1531791147845114,0.6689272748415402,0.7321160799208772,0.9432395177526494
GOBP_RESPONSE_TO_ALCOHOL,0.8678096004924507,0.9183982582257411,0.8812087498744238,0.8636021230569043
GOBP_RESPONSE_TO_AXON_INJURY,1.1222061052166414,0.7081719107508597,1.1770000175575632,0.5298177270417567
GOBP_RESPONSE_TO_BACTERIUM,1.7152631255034854,0.13545091334822082,1.3386599772550463,0.39554559948046414
GOBP_RESPONSE_TO_BMP,1.7701563515412673,0.09264783670629433,0.9406867571501889,0.8000496073078374
GOBP_RESPONSE_TO_CARBOHYDRATE,1.3976136504906278,0.3963543221216354,1.237383018443674,0.47942092866210034
GOBP_RESPONSE_TO_CHEMOKINE,1.2363089530029676,0.5644949333456195,1.6911391102267108,0.1938679392841874
GOBP_RESPONSE_TO_CORTICOSTEROID,1.0056378984939447,0.8283841598819063,1.2508744837226955,0.4674575894287992
GOBP_RESPONSE_TO_ESTRADIOL,0.9613182925994286,0.8556916191102071,1.2717254307621788,0.45281776914226923
GOBP_RESPONSE_TO_FIBROBLAST_GROWTH_FACTOR,0.7455230969646653,0.966245873654504,1.3440618020275106,0.3883265856561763
GOBP_RESPONSE_TO_FUNGUS,1.7302264573035955,0.11950443434033445,1.4694301990979675,0.34206085484582954
GOBP_RESPONSE_TO_GROWTH_FACTOR,1.3026805965790702,0.4864453677965356,1.1113713754316263,0.5897018538116943
GOBP_RESPONSE_TO_HORMONE,1.0733222719486477,0.756871565543161,1.3730778102434813,0.372093126253051
GOBP_RESPONSE_TO_HYDROGEN_PEROXIDE,0.7528348377441748,0.9653353821301055,1.4839890613041509,0.3664285722561502
GOBP_RESPONSE_TO_INSULIN,0.9748740648616319,0.8483695933107612,0.9355067618955323,0.805461318610757
GOBP_RESPONSE_TO_INTERLEUKIN_1,0.955910606317603,0.8605918165358798,1.4941995898812193,0.3532104511280809
GOBP_RESPONSE_TO_IONIZING_RADIATION,1.1370493903822616,0.6948314989170079,1.200371153846733,0.5137396640760359
GOBP_RESPONSE_TO_KETONE,1.0952578920735851,0.7286332885220783,0.6276562277934542,0.9732561363314558
GOBP_RESPONSE_TO_LIPID,1.110179088448579,0.7184842027771481,1.1737347765921393,0.532488999789823
GOBP_RESPONSE_TO_MECHANICAL_STIMULUS,1.5873407837506626,0.2440805383944566,1.4075906625846626,0.3805761305429363
GOBP_RESPONSE_TO_METAL_ION,1.0364440648748419,0.7910027155726894,0.4521851870419588,0.9952728700977751
GOBP_RESPONSE_TO_MOLECULE_OF_BACTERIAL_ORIGIN,1.1905885401301413,0.6246262991720917,1.113030173768512,0.5897808927726318
GOBP_RESPONSE_TO_MONOSACCHARIDE,1.2766873543451698,0.5194493442227697,1.1471808468837124,0.556143762535793
GOBP_RESPONSE_TO_NITROGEN_COMPOUND,0.9188401931197389,0.880886621878055,1.0279711868292898,0.6999434029118103
GOBP_RESPONSE_TO_NUTRIENT,1.1597986103417177,0.6673589068860555,1.3489021578402765,0.37860153516482864
GOBP_RESPONSE_TO_NUTRIENT_LEVELS,1.1952958938942901,0.6170436684211966,1.4671007705909116,0.34355367844430595
GOBP_RESPONSE_TO_OXIDATIVE_STRESS,0.8268518630863784,0.9299809696780925,1.1167584190898383,0.590007910197782
GOBP_RESPONSE_TO_OXYGEN_LEVELS,1.1591324432972552,0.6684573302104757,0.9878396092952292,0.7542366987219942
GOBP_RESPONSE_TO_PEPTIDE,1.0370442883055655,0.7900466646125689,1.2345860267215159,0.481327223504304
GOBP_RESPONSE_TO_PEPTIDE_HORMONE,1.0006603365254436,0.8296909157485073,1.198667841144216,0.5159895386182182
GOBP_RESPONSE_TO_RADIATION,1.3666297093226203,0.42444502017045543,1.1262323854152316,0.5743794029361003
GOBP_RESPONSE_TO_REACTIVE_OXYGEN_SPECIES,1.3033826616418462,0.4864149192136534,1.3714204512524972,0.371109821191677
GOBP_RESPONSE_TO_STARVATION,0.6558065177022745,0.9816517473917843,1.2838638427792202,0.44978157425817833
GOBP_RESPONSE_TO_STEROID_HORMONE,0.8333016216503422,0.9271387662683724,1.2799184001001072,0.4517399254847456
GOBP_RESPONSE_TO_TOXIC_SUBSTANCE,0.9911519165202463,0.8339322274859768,0.9890662503059579,0.7547438262015422
GOBP_RESPONSE_TO_TRANSFORMING_GROWTH_FACTOR_BETA,1.1060777989519253,0.7233431469504844,1.0590549651358556,0.6624775026850793
GOBP_RESPONSE_TO_TUMOR_NECROSIS_FACTOR,0.695164049379409,0.9819349978785159,1.2789161578772579,0.4507842984833001
GOBP_RESPONSE_TO_VIRUS,1.0922552196634168,0.730400474549357,1.5052641524432406,0.3403693952562396
GOBP_RESPONSE_TO_VITAMIN,1.2422655984877489,0.5574648933356774,1.4643851000005665,0.34055059163058826
GOBP_RESPONSE_TO_WOUNDING,1.542636067332281,0.2840309019024016,0.9915562999450017,0.7531089534098774
GOBP_RESPONSE_TO_XENOBIOTIC_STIMULUS,1.0150057094497649,0.8169161125869915,0.9050920712304417,0.8412542307925152
GOBP_RHYTHMIC_PROCESS,1.2544782938704786,0.5429726529387923,0.9761107537213347,0.769157793118349
GOBP_SECRETION,1.1813745859000273,0.6415561091826074,1.1873840871935295,0.5173563782135657
GOBP_SENSORY_PERCEPTION_OF_MECHANICAL_STIMULUS,1.1644494677365202,0.6638889443401688,0.6158047592686816,0.9730704214908302
GOBP_SENSORY_SYSTEM_DEVELOPMENT,1.3894746937605158,0.40145408242529723,0.6941721764282626,0.9535112842847262
GOBP_SEQUESTERING_OF_CALCIUM_ION,1.2618753262068034,0.5324336014985281,1.3869871053850802,0.37857397475542703
GOBP_SEX_DIFFERENTIATION,1.4009625226346216,0.39726491771497285,0.6702050172357039,0.958061291199424
GOBP_SIGNAL_RELEASE,1.0609337939005996,0.7725131024083023,1.2571425316212577,0.46211908702712245
GOBP_SKELETAL_SYSTEM_DEVELOPMENT,1.870534194908198,0.036228275977743335,1.2563843313923106,0.4588180598404119
GOBP_SKIN_DEVELOPMENT,1.5037659699331367,0.31506812658630273,1.1160584814347834,0.5894440845226371
GOBP_SMOOTH_MUSCLE_CELL_PROLIFERATION,0.9898060359316142,0.8354440762948161,1.1338518911455626,0.5634672412853855
GOBP_SPROUTING_ANGIOGENESIS,1.1273577519983466,0.7002695580664099,0.920057688027583,0.8210145751516829
GOBP_STEM_CELL_DIFFERENTIATION,1.0410621356938554,0.7898178931157148,0.8451091865286391,0.8903250296046308
GOBP_STEROID_METABOLIC_PROCESS,1.3515125061706186,0.43162086791033205,1.1316350994750841,0.5674246106443035
GOBP_STEROL_HOMEOSTASIS,1.346086760069294,0.4368001764099181,1.1286162745510764,0.572480267696448
GOBP_STEROL_METABOLIC_PROCESS,1.4316218384767272,0.36981995686442953,0.8966590477233223,0.8497341895522647
GOBP_STRIATED_MUSCLE_CELL_DIFFERENTIATION,1.4157981665457369,0.3928596268308739,1.4136152092259437,0.39006811916471346
GOBP_SUPRAMOLECULAR_FIBER_ORGANIZATION,1.1919600961780945,0.6224376617849556,1.0151446865109928,0.7156543213875718
GOBP_SYMBIONT_ENTRY_INTO_HOST,1.2062723742503596,0.5997882606983725,1.2607104297779,0.45463269907882264
GOBP_SYNAPSE_ASSEMBLY,0.9514638580007498,0.8597058898376876,0.5606094292807334,0.9831090450765704
GOBP_SYNAPSE_ORGANIZATION,0.9838013785929406,0.8424587134756574,0.7258564110912715,0.9431552025027866
GOBP_TAXIS,1.4306113780354475,0.3710033352661796,1.2644323090772587,0.4600197954557468
GOBP_TISSUE_HOMEOSTASIS,1.2991796347944051,0.4912895491976591,1.3067289773881245,0.438758006814143
GOBP_TISSUE_MORPHOGENESIS,1.4334085047721754,0.3716532685078879,1.072679833660278,0.6488825783249509
GOBP_TISSUE_REMODELING,1.6213254658124843,0.22194684660879058,1.319028705278359,0.4359999087806353
GOBP_TRANSFORMING_GROWTH_FACTOR_BETA_RECEPTOR_SIGNALING_PATHWAY,1.1332755998501967,0.6967793172016822,0.9994304875597437,0.7408561913726194
GOBP_TUBE_DEVELOPMENT,1.5932162879852818,0.24274562092552202,1.066958054083859,0.6569320231768397
GOBP_TUBE_FORMATION,0.8615980971963348,0.9235609616205612,1.0087033382028106,0.7232465273062741
GOBP_TUBE_MORPHOGENESIS,1.5330839912743717,0.29630971585661836,1.144230860402044,0.5569848396582675
GOBP_TUMOR_NECROSIS_FACTOR_MEDIATED_SIGNALING_PATHWAY,0.7068457233856674,0.9775713160332955,1.1339227126765383,0.5645810219295865
GOBP_TUMOR_NECROSIS_FACTOR_SUPERFAMILY_CYTOKINE_PRODUCTION,1.1886480628623506,0.6286805165175591,1.1166402278892946,0.5890216752809341
GOBP_TYPE_II_INTERFERON_PRODUCTION,0.8634544114997859,0.9227367124022997,1.2568905286838292,0.4591516887323993
GOBP_TYPE_I_INTERFERON_PRODUCTION,0.8375607705080095,0.9289221243377662,0.9541163058678057,0.7971522166802871
GOBP_T_CELL_ACTIVATION,1.0241654407117171,0.8051050071813225,1.0287941811149472,0.6988906655271684
GOBP_T_CELL_CYTOKINE_PRODUCTION,0.5125686911265881,0.9979500387499506,1.4286086321096032,0.3975312593458849
GOBP_T_CELL_DIFFERENTIATION,1.0163957595667814,0.8152009332463723,1.08513412104346,0.6358521054773467
GOBP_T_CELL_LINEAGE_COMMITMENT,0.9521083915487552,0.8600829516621948,1.1592074767793932,0.5394442834533576
GOBP_T_CELL_MEDIATED_CYTOTOXICITY,1.1151186127368555,0.7118586473505456,0.950606787033346,0.7942155906024027
GOBP_T_CELL_MEDIATED_IMMUNITY,0.9318041285248934,0.8678128736117376,1.1792268224382192,0.52851964602771
GOBP_T_CELL_MIGRATION,0.9179759481736438,0.8823391139912403,1.380898455667711,0.38163681056165333
GOBP_T_CELL_PROLIFERATION,1.1236107954930596,0.7048912375890867,1.125130909296045,0.5750936896735022
GOBP_T_CELL_SELECTION,0.7379757744540987,0.9682546318174133,1.12962663673824,0.571073305657996
GOBP_VASCULAR_ENDOTHELIAL_GROWTH_FACTOR_PRODUCTION,0.7077007331326122,0.9793375150196032,1.4756907106397632,0.3589914529320371
GOBP_VASCULAR_ENDOTHELIAL_GROWTH_FACTOR_RECEPTOR_SIGNALING_PATHWAY,1.0739192352244487,0.7558666581265234,1.1472260524060485,0.5574051875062869
GOBP_VASCULAR_ENDOTHELIAL_GROWTH_FACTOR_SIGNALING_PATHWAY,1.3928837770194753,0.39932083336916446,1.2185585578204052,0.500327856845364
GOBP_VASCULAR_PROCESS_IN_CIRCULATORY_SYSTEM,1.3231417345369272,0.4620049552743702,1.303258236703198,0.44804953754071064
GOBP_VASCULATURE_DEVELOPMENT,1.520627277621311,0.3045899220054612,1.0823446726068546,0.6389179649125756
GOBP_VASCULOGENESIS,1.0770144956307712,0.7515544813989437,1.1859306258037086,0.5204867950704775
GOBP_VIRAL_LIFE_CYCLE,0.8710549224248081,0.9168985516295325,1.2524616503007642,0.46599609375245377
GOBP_VIRAL_PROCESS,0.8596422648279319,0.9215804601420022,1.1135233963395488,0.5894398377803023
GOBP_WOUND_HEALING,1.5151798984651939,0.3033352126598616,0.9518137004273123,0.7963174087501079
GOBP_ZYMOGEN_ACTIVATION,2.27715474843615,0.0009200042629900503,0.8575332702171582,0.8769124918297398
