Term,NES_ciao,FDR_q_val_ciao,NES_necs_cent_cont,FDR_q_val_necs_cent_cont
REACTOME_ABC_FAMILY_PROTEINS_MEDIATED_TRANSPORT,-1.513766210559276,0.1701501836473937,0.5711471224867851,1.0
REACTOME_ABC_TRANSPORTER_DISORDERS,-1.742973158794446,0.07602427825095473,0.5711471224867851,1.0
REACTOME_ACTIVATED_NOTCH1_TRANSMITS_SIGNAL_TO_THE_NUCLEUS,-0.8402829975250294,0.8572326571731224,1.0897354767831224,0.7487432949964463
REACTOME_ACTIVATED_TAK1_MEDIATES_P38_MAPK_ACTIVATION,-0.7554271780209149,0.940769574963871,1.2476070203289669,0.5573564895145902
REACTOME_ACTIVATION_OF_APC_C_AND_APC_C_CDC20_MEDIATED_DEGRADATION_OF_MITOTIC_PROTEINS,-1.841835644189656,0.0400965317369126,0.8174039840052764,0.9620064298388171
REACTOME_ACTIVATION_OF_BAD_AND_TRANSLOCATION_TO_MITOCHONDRIA,1.054088019757618,0.7527163564248581,1.52740556042991,0.3503428074297717
REACTOME_ACTIVATION_OF_BH3_ONLY_PROTEINS,1.1179900508615943,0.668579368784036,1.4464485285228559,0.3733339311846373
REACTOME_ACTIVATION_OF_MATRIX_METALLOPROTEINASES,1.878999497705832,0.011973105373382219,1.087243660751766,0.7508901955994255
REACTOME_ACTIVATION_OF_NF_KAPPAB_IN_B_CELLS,-1.7239625301760317,0.07513357438643606,1.0565522335083735,0.7911553546321198
REACTOME_ACTIVATION_OF_NMDA_RECEPTORS_AND_POSTSYNAPTIC_EVENTS,1.49633762376306,0.22057723888048458,1.1499748272541743,0.6955103907961107
REACTOME_ACTIVATION_OF_THE_MRNA_UPON_BINDING_OF_THE_CAP_BINDING_COMPLEX_AND_EIFS_AND_SUBSEQUENT_BINDING_TO_43S,0.8724723178675683,0.9269651944814187,0.791690963370177,0.9636651620928023
REACTOME_ADAPTIVE_IMMUNE_SYSTEM,-0.9490408648582473,0.7471249057736077,1.1387192539686235,0.7124211043073231
REACTOME_ADHERENS_JUNCTIONS_INTERACTIONS,1.2459146477674838,0.526364311282242,1.0647876457473195,0.7823499086813513
REACTOME_ADIPOGENESIS,1.0781562368434816,0.7354161139676002,-0.9006228498520584,0.9439256567197638
REACTOME_ADVANCED_GLYCOSYLATION_ENDPRODUCT_RECEPTOR_SIGNALING,0.7607168870931653,0.9489569985224092,1.6851155548141967,0.25552308488463565
REACTOME_AEROBIC_RESPIRATION_AND_RESPIRATORY_ELECTRON_TRANSPORT,-1.6949495646874528,0.08626136510561892,0.6372910255487279,1.0
REACTOME_AGGREPHAGY,1.431799594979663,0.2757480878785255,1.1253772351717368,0.7219196237659425
REACTOME_AMPK_INDUCED_ERAD_AND_LYSOSOME_MEDIATED_DEGRADATION_OF_PD_L1_CD274,-1.9804871514814086,0.016579755241699575,0.7466516145348012,0.9792788554507937
REACTOME_AMYLOID_FIBER_FORMATION,1.9175351212906142,0.009049440107788888,1.5412443509235394,0.36552830188575003
REACTOME_ANCHORING_OF_THE_BASAL_BODY_TO_THE_PLASMA_MEMBRANE,0.559089022884554,0.9901367196724163,0.5698158085693978,1.0
REACTOME_ANTIGEN_ACTIVATES_B_CELL_RECEPTOR_BCR_LEADING_TO_GENERATION_OF_SECOND_MESSENGERS,0.7997278949936358,0.9441721378548349,0.816161864108977,0.9582128512441248
REACTOME_ANTIGEN_PROCESSING_CROSS_PRESENTATION,-0.9485963648923562,0.7455037822609051,1.1644691136753909,0.6852915279622286
REACTOME_ANTIGEN_PROCESSING_UBIQUITINATION_PROTEASOME_DEGRADATION,-1.160178011182147,0.5095737574824805,-0.9051947999884193,0.946334468411276
REACTOME_ANTIMICROBIAL_MECHANISM_OF_IFN_STIMULATED_GENES,1.3958002668155007,0.3152077995639989,1.4901197411738092,0.3613811677585464
REACTOME_ANTIMICROBIAL_PEPTIDES,2.2167928009781552,0.00011491352517827157,1.6315017566721548,0.24219530879676712
REACTOME_ANTI_INFLAMMATORY_RESPONSE_FAVOURING_LEISHMANIA_PARASITE_INFECTION,0.7772042313556076,0.9454193281214216,1.3313226016083697,0.4917653203621548
REACTOME_APC_C_CDH1_MEDIATED_DEGRADATION_OF_CDC20_AND_OTHER_APC_C_CDH1_TARGETED_PROTEINS_IN_LATE_MITOSIS_EARLY_G1,-1.9440658818861838,0.020162618286140854,0.5591992304612022,1.0
REACTOME_APC_C_MEDIATED_DEGRADATION_OF_CELL_CYCLE_PROTEINS,-1.8860940900304766,0.028928874625838888,0.49269512392033327,1.0
REACTOME_APOPTOSIS,0.7560450740863254,0.9465575167510831,1.4775137619712393,0.3709725893257816
REACTOME_APOPTOTIC_CLEAVAGE_OF_CELLULAR_PROTEINS,1.5725011495738235,0.14765669775875534,0.8756655384940056,0.9396687949951333
REACTOME_APOPTOTIC_EXECUTION_PHASE,1.617399809590724,0.10859328129346664,1.349490542690665,0.45613850890727115
REACTOME_ARACHIDONATE_METABOLISM,0.8676879168310611,0.9262407655071003,0.8628091444745334,0.9453461692219478
REACTOME_ASPARAGINE_N_LINKED_GLYCOSYLATION,1.2073711888373668,0.5629949300916629,0.9835334648313199,0.8634837683967298
REACTOME_ASSEMBLY_OF_COLLAGEN_FIBRILS_AND_OTHER_MULTIMERIC_STRUCTURES,2.081789677597249,0.0009193082014261726,1.4990923481996052,0.34305140326170025
REACTOME_ASYMMETRIC_LOCALIZATION_OF_PCP_PROTEINS,-1.9179641409150276,0.023547449849603698,0.8478933727968185,0.9506096205145679
REACTOME_ATTACHMENT_AND_ENTRY,1.6132888075662395,0.10906251152127791,1.015915286925359,0.8236811091608739
REACTOME_ATTENUATION_PHASE,-1.2260228791050138,0.42796453945496404,1.2959115389851839,0.5144294443535401
REACTOME_AUF1_HNRNP_D0_BINDS_AND_DESTABILIZES_MRNA,-2.001143538409886,0.01702348106010311,1.0931511473286726,0.748643371853523
REACTOME_AURKA_ACTIVATION_BY_TPX2,0.6591142949542396,0.9974204113518568,0.558385910739057,1.0
REACTOME_AUTOPHAGY,0.7839528988011297,0.9441412429008293,1.1849328376798358,0.6531397577845598
REACTOME_AZATHIOPRINE_ADME,0.8322055437353465,0.9453763502686572,1.2938385730148438,0.5082839593558508
REACTOME_BACTERIAL_INFECTION_PATHWAYS,0.9379127805030552,0.8729166072129406,1.4572870317747995,0.3806093895370082
REACTOME_BASE_EXCISION_REPAIR,1.3023004708810084,0.43545509266093235,1.6328619598803447,0.25428713299956407
REACTOME_BASIGIN_INTERACTIONS,0.9887340385277836,0.8250008717841238,0.7238436490846935,0.9784665592665532
REACTOME_BETA_CATENIN_INDEPENDENT_WNT_SIGNALING,-1.8740715920195357,0.03102554907456876,1.2052616340748452,0.6361643699541618
REACTOME_BINDING_AND_UPTAKE_OF_LIGANDS_BY_SCAVENGER_RECEPTORS,1.720068027466499,0.04847352266433003,1.0389804443014625,0.8106130096094124
REACTOME_BIOLOGICAL_OXIDATIONS,-2.1483642876710065,0.01198779265070734,-1.12408760687417,0.9193616313921386
REACTOME_BIOSYNTHESIS_OF_THE_N_GLYCAN_PRECURSOR_DOLICHOL_LIPID_LINKED_OLIGOSACCHARIDE_LLO_AND_TRANSFER_TO_A_NASCENT_PROTEIN,-1.542783655463443,0.15880735624906114,0.9619835073128579,0.9047417999648633
REACTOME_CA2_PATHWAY,-1.559816788744142,0.15254652293873702,0.8148096250298895,0.9585992708068963
REACTOME_CARDIAC_CONDUCTION,-0.6975309472607799,0.9567572738592726,0.6271058105978474,1.0
REACTOME_CARGO_CONCENTRATION_IN_THE_ER,1.4877296142864351,0.22959012987870647,1.5262999102080863,0.344728687428314
REACTOME_CARGO_RECOGNITION_FOR_CLATHRIN_MEDIATED_ENDOCYTOSIS,-1.1668164811287531,0.5010354555182442,-0.9569047326364221,0.9387376848758527
REACTOME_CASPASE_ACTIVATION_VIA_EXTRINSIC_APOPTOTIC_SIGNALLING_PATHWAY,0.8419697484622125,0.9502956927492452,1.1388338648530683,0.7146925991715913
REACTOME_CA_DEPENDENT_EVENTS,0.5011961633052316,0.9940366110925212,1.2872983953636858,0.5197841385233504
REACTOME_CD209_DC_SIGN_SIGNALING,-0.9050099985575518,0.7905752542258225,0.7244915512914489,0.979499317831397
REACTOME_CDC42_GTPASE_CYCLE,0.6756765439019773,0.9990324178187319,0.744439176999039,0.9766815100551541
REACTOME_CDK_MEDIATED_PHOSPHORYLATION_AND_REMOVAL_OF_CDC6,-1.9839772269689249,0.016692958020104735,0.8875083886809491,0.9412993608938834
REACTOME_CELLULAR_RESPONSES_TO_MECHANICAL_STIMULI,-0.9175873491838873,0.7840478224860155,0.8387828194270953,0.9601247453848424
REACTOME_CELLULAR_RESPONSES_TO_STIMULI,-0.9868507714368072,0.7007591036674973,1.168950287201723,0.6814809241729289
REACTOME_CELLULAR_RESPONSE_TO_CHEMICAL_STRESS,-1.721254915584369,0.0754097515605227,1.1377822847956727,0.7100857680114069
REACTOME_CELLULAR_RESPONSE_TO_HEAT_STRESS,-0.539967165026284,0.9961544321500118,1.5238380447434392,0.34535749875257976
REACTOME_CELLULAR_RESPONSE_TO_HYPOXIA,-1.7814587282176255,0.06042316406213244,1.0345130687841946,0.813282919987526
REACTOME_CELLULAR_RESPONSE_TO_STARVATION,1.1550888276201206,0.6245351966671511,1.2084327835980313,0.6317820993579306
REACTOME_CELLULAR_SENESCENCE,0.7938900174593435,0.9444530262570799,1.3466480913608645,0.4621971727092308
REACTOME_CELL_CELL_COMMUNICATION,1.2329229474805106,0.5434944446903917,1.275758236089955,0.532378099024517
REACTOME_CELL_CYCLE,-1.0627302701610029,0.6448914700883008,1.077072980712393,0.7587755222173385
REACTOME_CELL_CYCLE_CHECKPOINTS,-1.4308971175643252,0.23319590645558638,0.9558907579566194,0.9079013117872051
REACTOME_CELL_CYCLE_MITOTIC,-1.0136822210931393,0.6868820433307635,1.1210340619592667,0.7274775733820953
REACTOME_CELL_DEATH_SIGNALLING_VIA_NRAGE_NRIF_AND_NADE,1.0156049361516553,0.7914737143557264,0.9419698315890374,0.9176499481040196
REACTOME_CELL_JUNCTION_ORGANIZATION,1.1366421608928245,0.6426660283121436,1.1719597678125646,0.677393513154047
REACTOME_CELL_SURFACE_INTERACTIONS_AT_THE_VASCULAR_WALL,0.9061433965329377,0.9074817141073611,1.1234681585959045,0.7224073258426109
REACTOME_CHAPERONE_MEDIATED_AUTOPHAGY,1.3792858435192044,0.3252879000288103,1.5890268809848669,0.33096487915979295
REACTOME_CHEMOKINE_RECEPTORS_BIND_CHEMOKINES,1.2677009360528806,0.48625921053262827,1.5413795378087436,0.3778424520910738
REACTOME_CHONDROITIN_SULFATE_DERMATAN_SULFATE_METABOLISM,1.805302955618658,0.023741134301830905,-1.7832048744728677,0.4137285751746168
REACTOME_CHROMATIN_ORGANIZATION,0.5090281325753703,0.994722551185777,1.059632337659953,0.7922792460789991
REACTOME_CILIUM_ASSEMBLY,1.1538861365788595,0.6215341850161709,-0.7678208266384811,0.9849084719587136
REACTOME_CIRCADIAN_CLOCK,-2.0225344246324704,0.01675312637521212,-0.7313190623552313,1.0
REACTOME_CLASS_A_1_RHODOPSIN_LIKE_RECEPTORS,1.4604253379678376,0.2418147315043956,1.0968690668802952,0.7448310420870599
REACTOME_CLASS_B_2_SECRETIN_FAMILY_RECEPTORS,1.0266932662907695,0.7890464559884584,0.5112608370790599,1.0
REACTOME_CLASS_I_MHC_MEDIATED_ANTIGEN_PROCESSING_PRESENTATION,-0.8160160518550648,0.8917168417948921,0.9342429968747881,0.9152398137648449
REACTOME_CLATHRIN_MEDIATED_ENDOCYTOSIS,-1.243553204104353,0.4040223758563378,0.6526917516433228,1.0
REACTOME_CLEC7A_DECTIN_1_SIGNALING,-1.6634227788247378,0.0982333008877407,0.7395794186046922,0.9773664974208852
REACTOME_COLLAGEN_BIOSYNTHESIS_AND_MODIFYING_ENZYMES,1.8637338458028638,0.013674709496214316,1.036863814723451,0.8117417595385439
REACTOME_COLLAGEN_CHAIN_TRIMERIZATION,1.9957709685519518,0.0032648960388885397,1.4329961099447104,0.37746492317994285
REACTOME_COLLAGEN_DEGRADATION,2.1436918848260444,0.00035750874499906714,1.743972345171852,0.6001941831570144
REACTOME_COLLAGEN_FORMATION,2.065313415679279,0.0009652736114974812,1.3213184054247593,0.4964394656729709
REACTOME_COMMON_PATHWAY_OF_FIBRIN_CLOT_FORMATION,2.0975391587647043,0.0007425181626903702,0.9418624302575463,0.915619306107166
REACTOME_COMPLEMENT_CASCADE,2.1423076642586882,0.00032175787049916043,1.1946671593847282,0.6534509017948558
REACTOME_COMPLEX_IV_ASSEMBLY,-1.9220758447770045,0.023878123572547136,-0.9731422365092703,0.9600152443962785
REACTOME_CONSTITUTIVE_SIGNALING_BY_ABERRANT_PI3K_IN_CANCER,0.7665834508477848,0.9449631328439386,0.6753663480009566,0.9994103540152097
REACTOME_CONSTITUTIVE_SIGNALING_BY_EGFRVIII,1.0452563576632907,0.7610903738738309,1.050920582532165,0.7968922386272744
REACTOME_CONSTITUTIVE_SIGNALING_BY_LIGAND_RESPONSIVE_EGFR_CANCER_VARIANTS,1.14777214566668,0.6345268257326768,1.1056334801004926,0.7238297656773934
REACTOME_COPII_MEDIATED_VESICLE_TRANSPORT,1.1559921533226323,0.6252854497712768,1.3849646420569306,0.43544446774074047
REACTOME_COPI_DEPENDENT_GOLGI_TO_ER_RETROGRADE_TRAFFIC,0.8283634530066712,0.9374087760771083,-0.9699122855929861,0.9514915611064709
REACTOME_COPI_INDEPENDENT_GOLGI_TO_ER_RETROGRADE_TRAFFIC,0.767598829932523,0.9457748502555207,1.075082158097104,0.7623861555641744
REACTOME_COPI_MEDIATED_ANTEROGRADE_TRANSPORT,0.9983090900350535,0.8215268203162064,0.9494407416723453,0.9137425792551274
REACTOME_CO_INHIBITION_BY_CTLA4,-1.2502635698941016,0.3994246706843562,1.3901530567192735,0.43560437549411407
REACTOME_CO_INHIBITION_BY_PD_1,-1.6297353791670521,0.11134879672197628,0.997474232073221,0.848529592912781
REACTOME_CO_STIMULATION_BY_CD28,0.7025685654273658,0.9856988907013259,1.0463168578125401,0.8046302824661294
REACTOME_CREATION_OF_C4_AND_C2_ACTIVATORS,1.46877552919255,0.2428175020437414,0.9918728534230967,0.8536711946794693
REACTOME_CREB1_PHOSPHORYLATION_THROUGH_NMDA_RECEPTOR_MEDIATED_ACTIVATION_OF_RAS_SIGNALING,1.0577118330494701,0.7522594375564517,1.3163884789636882,0.4990793782237089
REACTOME_CROSS_PRESENTATION_OF_SOLUBLE_EXOGENOUS_ANTIGENS_ENDOSOMES,-1.9903100847995574,0.016278066657396496,0.929722765802763,0.9188870743311526
REACTOME_CS_DS_DEGRADATION,1.5847123635467482,0.1367860172851874,-1.849696488537681,0.477158772159845
REACTOME_CS_GAG_BIOSYNTHESIS,1.830055861546516,0.01811106801370274,-1.1502226074963664,0.8875147517661703
REACTOME_CYCLIN_A_CDK2_ASSOCIATED_EVENTS_AT_S_PHASE_ENTRY,-1.7157639095869208,0.0771459309358445,0.9911962493316508,0.8510039555605758
REACTOME_CYCLIN_D_ASSOCIATED_EVENTS_IN_G1,-1.3261758144177214,0.3132231145623499,0.8353383877186425,0.9619650036382282
REACTOME_CYTOKINE_SIGNALING_IN_IMMUNE_SYSTEM,1.2332573777892017,0.5459257844120476,1.289495200028518,0.5158550346719815
REACTOME_CYTOPROTECTION_BY_HMOX1,-1.0226638598879045,0.6822110692984604,-1.0368526622968965,0.9995575977178637
REACTOME_CYTOSOLIC_SENSORS_OF_PATHOGEN_ASSOCIATED_DNA,0.6658348716334962,0.9985802935570882,1.2820480146057314,0.5269667418603611
REACTOME_C_TYPE_LECTIN_RECEPTORS_CLRS,-1.5183791970482157,0.1690586143048471,0.7414149669531961,0.9768779664694348
REACTOME_DAG_AND_IP3_SIGNALING,-0.598671307334368,0.9975442161384097,1.135597324628471,0.7061427333595216
REACTOME_DAP12_INTERACTIONS,1.2532254350667411,0.5108469782800842,1.5680500680053002,0.3698211053715233
REACTOME_DAP12_SIGNALING,1.0529261748260041,0.7497695477353693,1.3755492892523151,0.4383613254500681
REACTOME_DDX58_IFIH1_MEDIATED_INDUCTION_OF_INTERFERON_ALPHA_BETA,-0.7546293591111456,0.9392505863594232,1.0846258885692586,0.7465239092017503
REACTOME_DEADENYLATION_DEPENDENT_MRNA_DECAY,-0.888934801842309,0.8042562018010578,1.2269027631324643,0.5981804915226858
REACTOME_DEATH_RECEPTOR_SIGNALING,0.6325687267241348,0.9969273410753954,1.1109682247054418,0.7177417129026591
REACTOME_DECTIN_1_MEDIATED_NONCANONICAL_NF_KB_SIGNALING,-2.0134672779582985,0.017541660872810838,0.8553956463683985,0.9509419679233508
REACTOME_DEFECTIVE_B4GALT7_CAUSES_EDS_PROGEROID_TYPE,1.771209014136356,0.030076513138732493,-1.3554045977900215,0.7101453881830053
REACTOME_DEFECTIVE_INTRINSIC_PATHWAY_FOR_APOPTOSIS,0.7376507853336866,0.9598856848924245,-1.0668734669039226,1.0
REACTOME_DEFECTS_OF_CONTACT_ACTIVATION_SYSTEM_CAS_AND_KALLIKREIN_KININ_SYSTEM_KKS,2.1159699401551255,0.0005850143099984735,-0.828935302510535,1.0
REACTOME_DEGRADATION_OF_AXIN,-1.9384593505847056,0.021014315093055423,0.7464839745006749,0.9777112775349942
REACTOME_DEGRADATION_OF_BETA_CATENIN_BY_THE_DESTRUCTION_COMPLEX,-2.0025296755504938,0.017495411672769526,0.7474603401319764,0.9818758770877117
REACTOME_DEGRADATION_OF_CRY_AND_PER_PROTEINS,-2.0341461189045704,0.017054062163803892,0.8043905788037261,0.9598718502380573
REACTOME_DEGRADATION_OF_DVL,-2.056936078648631,0.016554570803357753,0.8954760827375708,0.9402988383582036
REACTOME_DEGRADATION_OF_GLI1_BY_THE_PROTEASOME,-1.9059662083246207,0.025564029876249603,0.7830286678778956,0.970692537002336
REACTOME_DEGRADATION_OF_THE_EXTRACELLULAR_MATRIX,2.164052673480725,0.0003016480035929629,1.2830913536797939,0.5268182324406966
REACTOME_DENGUE_VIRUS_ACTIVATES_MODULATES_INNATE_AND_ADAPTIVE_IMMUNE_RESPONSES,1.8854714008036992,0.01139022861567028,1.091626132031926,0.7481920179899826
REACTOME_DENGUE_VIRUS_ATTACHMENT_AND_ENTRY,1.4393953791325098,0.2669209041355535,0.9329270470148093,0.9137051393292209
REACTOME_DENGUE_VIRUS_GENOME_TRANSLATION_AND_REPLICATION,0.993883338952211,0.8210073003501963,1.475120613588975,0.3604346403349267
REACTOME_DENGUE_VIRUS_HOST_INTERACTIONS,1.7477710827770674,0.038764162493470276,1.4224428853027697,0.3919219844380163
REACTOME_DENGUE_VIRUS_INFECTION,1.5607901256198156,0.15833168544146184,1.5087532014205236,0.3396529886392949
REACTOME_DETOXIFICATION_OF_REACTIVE_OXYGEN_SPECIES,-1.4450524892995331,0.22249510477015827,1.4560311977584304,0.3793816531678883
REACTOME_DEUBIQUITINATION,-1.849604002103179,0.03819639815176357,-0.9539520989104455,0.9312428806965407
REACTOME_DEVELOPMENTAL_CELL_LINEAGES,1.381846984995423,0.32299797895837595,1.1235219007126604,0.7247962864806301
REACTOME_DEVELOPMENTAL_CELL_LINEAGES_OF_THE_EXOCRINE_PANCREAS,1.0314493950151917,0.7854352807972674,1.2577266396472961,0.5600367746028992
REACTOME_DEVELOPMENTAL_CELL_LINEAGES_OF_THE_INTEGUMENTARY_SYSTEM,1.6149097446185576,0.10928860550513857,0.5984175307112374,1.0
REACTOME_DEVELOPMENTAL_LINEAGES_OF_THE_MAMMARY_GLAND,1.2790825664544094,0.46714952691538103,0.7028179888111734,0.9840726421206928
REACTOME_DEVELOPMENTAL_LINEAGE_OF_MAMMARY_GLAND_MYOEPITHELIAL_CELLS,1.4823792688785211,0.23329383911613824,0.5191883657521019,1.0
REACTOME_DEVELOPMENTAL_LINEAGE_OF_PANCREATIC_DUCTAL_CELLS,0.9947497082969231,0.8217209903535572,1.3265268584796726,0.4971947258286749
REACTOME_DIFFERENTIATION_OF_KERATINOCYTES_IN_INTERFOLLICULAR_EPIDERMIS_IN_MAMMALIAN_SKIN,1.3475673772328731,0.37050792925037046,0.48925338654297396,1.0
REACTOME_DISEASES_ASSOCIATED_WITH_GLYCOSAMINOGLYCAN_METABOLISM,2.29273510144008,0.0,1.1701929626452137,0.6802931463867374
REACTOME_DISEASES_ASSOCIATED_WITH_O_GLYCOSYLATION_OF_PROTEINS,1.832324757816106,0.018812456138055746,1.2775845787110713,0.5323790255099164
REACTOME_DISEASES_OF_CARBOHYDRATE_METABOLISM,-1.144579158231287,0.5338940176732196,-1.0017162780403523,0.9452122418492296
REACTOME_DISEASES_OF_GLYCOSYLATION,2.2429325810128105,0.00016087893524958021,1.0545967141948436,0.7917046142356454
REACTOME_DISEASES_OF_HEMOSTASIS,1.8962745316184404,0.009820318339193125,-0.9368944256626833,0.9027681334503213
REACTOME_DISEASES_OF_IMMUNE_SYSTEM,1.3361860619332089,0.38419825123286966,0.8270803250781448,0.9639646724291469
REACTOME_DISEASES_OF_METABOLISM,1.553845570684883,0.160156145830343,1.0371464962675532,0.8133832809303627
REACTOME_DISEASES_OF_PROGRAMMED_CELL_DEATH,1.0233266777050618,0.7888217171937228,-1.0373941256220058,1.0
REACTOME_DISEASES_OF_SIGNAL_TRANSDUCTION_BY_GROWTH_FACTOR_RECEPTORS_AND_SECOND_MESSENGERS,-1.14731261102471,0.5308574336536812,1.095481699253954,0.7465242890650752
REACTOME_DISORDERS_OF_TRANSMEMBRANE_TRANSPORTERS,-1.2534049881931613,0.3990276264394251,-1.1990149913458836,0.8122842694822956
REACTOME_DNA_DAMAGE_BYPASS,0.8228787098365566,0.9352705412847322,1.2604197910873682,0.5573812900059365
REACTOME_DNA_DAMAGE_RECOGNITION_IN_GG_NER,1.2363158129375067,0.544419344351306,0.7150996990513672,0.977806177413177
REACTOME_DNA_DOUBLE_STRAND_BREAK_REPAIR,0.8640590535088453,0.9235207151824941,1.3112069342864205,0.4995275808301726
REACTOME_DNA_DOUBLE_STRAND_BREAK_RESPONSE,0.7841537877024358,0.9461887961612655,1.016154539257894,0.8253238456330952
REACTOME_DNA_REPAIR,0.9150980580027358,0.9009903350588401,1.3117815824898047,0.5008105554183453
REACTOME_DNA_REPLICATION,-1.38134634195784,0.26398491154325054,0.952084562341131,0.9122278180563231
REACTOME_DNA_REPLICATION_PRE_INITIATION,-1.46955173563725,0.2071007944623823,1.0069417415893185,0.8377215856692429
REACTOME_DOWNREGULATION_OF_ERBB2_SIGNALING,-1.1173959668241598,0.5774899892356886,0.8236138343346311,0.9617148024193534
REACTOME_DOWNREGULATION_OF_SMAD2_3_SMAD4_TRANSCRIPTIONAL_ACTIVITY,-0.7428447016577551,0.9413108367930929,1.3833636931348243,0.4367495137102108
REACTOME_DOWNREGULATION_OF_TGF_BETA_RECEPTOR_SIGNALING,-1.319617150329249,0.3201987181775425,0.6997765744442815,0.9855565349269344
REACTOME_DOWNSTREAM_SIGNALING_EVENTS_OF_B_CELL_RECEPTOR_BCR,-1.5671769998339444,0.15018040237413915,0.9385805198464385,0.9098060048465604
REACTOME_DOWNSTREAM_SIGNAL_TRANSDUCTION,-0.9261791596536342,0.7783744569302666,0.9829875976792658,0.8625754240703702
REACTOME_DOWNSTREAM_TCR_SIGNALING,-1.3183279163440083,0.3200601782997732,0.6709827802797871,0.9984157878956533
REACTOME_DRUG_ADME,0.6745441329479416,0.9955144537225276,0.8791954984252619,0.935044518969852
REACTOME_DUAL_INCISION_IN_TC_NER,0.6474384499409982,1.0,1.3040967638314576,0.5059819921460749
REACTOME_E3_UBIQUITIN_LIGASES_UBIQUITINATE_TARGET_PROTEINS,1.1864984023902527,0.589905201693093,1.2276011029463747,0.5986691780084986
REACTOME_EARLY_SARS_COV_2_INFECTION_EVENTS,1.4804325851554272,0.23103161448517653,0.7763167099822873,0.9673354442722732
REACTOME_ECM_PROTEOGLYCANS,1.550497007807467,0.16230386296179075,0.8844157676303497,0.941276065889615
REACTOME_EGFR_DOWNREGULATION,-0.7517282260954921,0.9404626265734524,-0.8335021884092171,1.0
REACTOME_ELASTIC_FIBRE_FORMATION,1.8291070288620779,0.017862293546093096,1.1513449752858154,0.6992639854101708
REACTOME_EPHA_MEDIATED_GROWTH_CONE_COLLAPSE,1.04500702951166,0.7587839208601818,1.673534697482124,0.2624091025300344
REACTOME_EPHB_MEDIATED_FORWARD_SIGNALING,-1.6702012524369128,0.09606758646776119,1.529930468610743,0.35150049464681593
REACTOME_EPH_EPHRIN_MEDIATED_REPULSION_OF_CELLS,-0.7423612492593582,0.9393080387818347,1.6510686334932196,0.23219947673086563
REACTOME_EPH_EPHRIN_SIGNALING,-1.108106083770652,0.5863797926276428,1.592280584860352,0.33762828326124034
REACTOME_EPIGENETIC_REGULATION_BY_WDR5_CONTAINING_HISTONE_MODIFYING_COMPLEXES,1.1186585817039867,0.6697426637834398,-0.7823168927628273,0.996028762762061
REACTOME_EPIGENETIC_REGULATION_OF_GENE_EXPRESSION,1.2017771956539003,0.5717592670176955,0.8624636182333408,0.9439736255997857
REACTOME_EPIGENETIC_REGULATION_OF_GENE_EXPRESSION_BY_MLL3_AND_MLL4_COMPLEXES,1.0587477797604479,0.7556463808475826,-0.7712183035093009,1.0
REACTOME_ERK_MAPK_TARGETS,-1.07916617891518,0.6204973898897304,1.2563882629877834,0.558429921071141
REACTOME_ERYTHROPOIETIN_ACTIVATES_RAS,1.2447112749089955,0.5260387046640284,1.3576690155935187,0.45514661303709536
REACTOME_ER_TO_GOLGI_ANTEROGRADE_TRANSPORT,1.2965820243302721,0.44008710114997235,1.2942112518325863,0.5133581126111805
REACTOME_ESR_MEDIATED_SIGNALING,0.9138639345828571,0.8981619581647736,1.4652112255124357,0.3697335273924513
REACTOME_ESTROGEN_DEPENDENT_GENE_EXPRESSION,1.2715155733379047,0.47998547855926565,1.393650572306685,0.43718807728233305
REACTOME_EUKARYOTIC_TRANSLATION_ELONGATION,1.2994283633872732,0.43623328786268983,1.165312860436169,0.685162338452684
REACTOME_EUKARYOTIC_TRANSLATION_INITIATION,0.9290611811243258,0.8881784600025578,1.149783361505679,0.6934492011406559
REACTOME_EVASION_BY_RSV_OF_HOST_INTERFERON_RESPONSES,0.9141233821773939,0.9003924985825644,0.547974496171029,1.0
REACTOME_EXTRACELLULAR_MATRIX_ORGANIZATION,2.2351170380898284,0.00013406577937465016,1.1676772951001082,0.6828360265376354
REACTOME_EXTRA_NUCLEAR_ESTROGEN_SIGNALING,0.8188103435790369,0.923138751499926,1.3886895029192483,0.43589232127379024
REACTOME_FACTORS_INVOLVED_IN_MEGAKARYOCYTE_DEVELOPMENT_AND_PLATELET_PRODUCTION,1.0210757409871967,0.7828861230762874,0.8051199569993559,0.9624875631455749
REACTOME_FATTY_ACID_METABOLISM,-1.6836540440845478,0.09114006741291196,0.6414410083466173,1.0
REACTOME_FBXL7_DOWN_REGULATES_AURKA_DURING_MITOTIC_ENTRY_AND_IN_EARLY_MITOSIS,-2.037083662204857,0.018393967559286392,0.6908755511447282,0.9895318100427655
REACTOME_FCERI_MEDIATED_CA_2_MOBILIZATION,0.8347383318549937,0.9534632310989796,0.7751226387064073,0.967222299359905
REACTOME_FCERI_MEDIATED_MAPK_ACTIVATION,0.9650087368945162,0.8438562137269408,1.4181350077688268,0.40084061454967485
REACTOME_FCERI_MEDIATED_NF_KB_ACTIVATION,-1.3113287894805203,0.3256588528897313,0.8604698038899637,0.945789021230832
REACTOME_FCGAMMA_RECEPTOR_FCGR_DEPENDENT_PHAGOCYTOSIS,0.7724730462250966,0.9454017195444034,1.3809310814681763,0.42826175811237166
REACTOME_FCGR3A_MEDIATED_IL10_SYNTHESIS,0.8581087849634936,0.9278601698465725,1.277128738534077,0.5309934916454145
REACTOME_FCGR_ACTIVATION,0.9960655195731041,0.8243238457992893,1.0790847434369513,0.7575649576206296
REACTOME_FC_EPSILON_RECEPTOR_FCERI_SIGNALING,-1.1408035816067374,0.5389674123344599,1.0736716592311095,0.764155809720204
REACTOME_FGFR1_MUTANT_RECEPTOR_ACTIVATION,-0.6018781962578387,0.9985945447493029,0.902507567708623,0.936688410179137
REACTOME_FLT3_SIGNALING,0.6329372463261005,1.0,0.8931614226069299,0.9407293447225749
REACTOME_FLT3_SIGNALING_IN_DISEASE,1.3009377014099974,0.4356275308578056,0.7435345961899754,0.976005755231795
REACTOME_FORMATION_OF_FIBRIN_CLOT_CLOTTING_CASCADE,2.423776348841292,0.0,0.7483550993916804,0.9843335799172277
REACTOME_FORMATION_OF_INCISION_COMPLEX_IN_GG_NER,0.9714934752877038,0.8364771205708803,1.4025043915302655,0.4255375406490005
REACTOME_FORMATION_OF_PARAXIAL_MESODERM,-1.6778561502201046,0.09359195259633642,0.5735534987371564,1.0
REACTOME_FORMATION_OF_THE_CORNIFIED_ENVELOPE,1.902044142972631,0.009547815070246825,0.7517176513144346,0.9837322134150285
REACTOME_FOXO_MEDIATED_TRANSCRIPTION,1.226330369695669,0.5474556031036388,0.8895552869210669,0.9394733203461829
REACTOME_FOXO_MEDIATED_TRANSCRIPTION_OF_OXIDATIVE_STRESS_METABOLIC_AND_NEURONAL_GENES,1.3353655323126739,0.3831139748717708,-0.8580722353954046,1.0
REACTOME_G1_S_DNA_DAMAGE_CHECKPOINTS,-2.127906344686439,0.010465533266490534,0.9190421854903598,0.9317341389352738
REACTOME_G2_M_CHECKPOINTS,-1.3999873606855286,0.2610475354294776,0.8710431686897349,0.942300520504097
REACTOME_G2_M_DNA_DAMAGE_CHECKPOINT,0.9213422920201899,0.9007061615100939,0.8485267932767215,0.9554531499417865
REACTOME_GAMMA_CARBOXYLATION_HYPUSINYLATION_HYDROXYLATION_AND_ARYLSULFATASE_ACTIVATION,1.7878959451482461,0.027392899785739333,-0.8696534049062006,0.9959864896636859
REACTOME_GASTRIN_CREB_SIGNALLING_PATHWAY_VIA_PKC_AND_MAPK,1.3183127633132352,0.41365262289299914,1.382784158308044,0.43042569781133433
REACTOME_GASTRULATION,-1.3268699883231518,0.3143400013779072,-0.8067027024154496,0.9885890170231826
REACTOME_GENERATION_OF_SECOND_MESSENGER_MOLECULES,-1.1987611242303715,0.4540090236539411,-0.8140983384078592,1.0
REACTOME_GENE_AND_PROTEIN_EXPRESSION_BY_JAK_STAT_SIGNALING_AFTER_INTERLEUKIN_12_STIMULATION,0.9856200034220831,0.8243690661559937,1.4451579295689665,0.37230922373026953
REACTOME_GLOBAL_GENOME_NUCLEOTIDE_EXCISION_REPAIR_GG_NER,1.2154988362070678,0.5572595234314144,1.0227532719647865,0.8261682560897335
REACTOME_GLUCONEOGENESIS,-1.445355587177961,0.22419406007006082,1.1178971057304588,0.7242854630782487
REACTOME_GLUCOSE_METABOLISM,-1.4144853942196884,0.24658730393921807,1.128235272104869,0.7210444054213926
REACTOME_GLUTATHIONE_CONJUGATION,-1.4856046128603937,0.19444485103081843,0.8224196579309353,0.9617444548804347
REACTOME_GLYCEROPHOSPHOLIPID_BIOSYNTHESIS,-1.0939830061358926,0.5993130554626852,0.8139534177608961,0.9562026363639816
REACTOME_GLYCOSAMINOGLYCAN_METABOLISM,2.0021091350962674,0.0028656560341331475,-1.063385133417847,1.0
REACTOME_GLYCOSAMINOGLYCAN_PROTEIN_LINKAGE_REGION_BIOSYNTHESIS,1.4821551277461271,0.23099533786252224,-1.5223120039616893,0.516262692881921
REACTOME_GLYCOSPHINGOLIPID_CATABOLISM,0.8662305473282396,0.9240443508421161,-1.4645510292258175,0.6298823174171811
REACTOME_GLYCOSPHINGOLIPID_METABOLISM,0.812141862951496,0.9299714657574059,-1.2122245531230005,0.8013975700652379
REACTOME_GOLGI_ASSOCIATED_VESICLE_BIOGENESIS,-1.1136617747333069,0.580072568697705,1.1900675762137332,0.6565314009197438
REACTOME_GOLGI_TO_ER_RETROGRADE_TRANSPORT,-1.033381086972494,0.6678789488236279,0.7098782772180733,0.9782794762343047
REACTOME_GPCR_LIGAND_BINDING,1.401542693219707,0.31180994367730563,0.9872430680631752,0.8587745791018065
REACTOME_GPVI_MEDIATED_ACTIVATION_CASCADE,0.8922412099029671,0.9137511633335907,1.3122745242136526,0.5024077963789861
REACTOME_GROWTH_HORMONE_RECEPTOR_SIGNALING,-0.9746042207949257,0.7135321595936518,1.5628523233778715,0.3744970456690179
REACTOME_GSK3B_MEDIATED_PROTEASOMAL_DEGRADATION_OF_PD_L1_CD274,-2.048425798265882,0.017482197615614866,0.852518195215093,0.9502760115403793
REACTOME_G_ALPHA_12_13_SIGNALLING_EVENTS,0.8304136585745846,0.9410917682977368,0.5861089299892998,1.0
REACTOME_G_ALPHA_I_SIGNALLING_EVENTS,-1.047477172186578,0.6488335940055725,1.1906255017278768,0.6575831601921421
REACTOME_G_ALPHA_Q_SIGNALLING_EVENTS,0.9583905422134686,0.8512459581437444,0.7929400583671534,0.9655156452640002
REACTOME_G_ALPHA_S_SIGNALLING_EVENTS,-1.2853783787642423,0.3593073145797521,-0.7296270220374156,0.9966656497371563
REACTOME_G_PROTEIN_MEDIATED_EVENTS,-0.8853359412119467,0.8015399949986709,1.25096591090561,0.5526360111101353
REACTOME_HCMV_INFECTION,1.1464130014697385,0.6319370983988678,1.1185979753940911,0.7272884338290793
REACTOME_HEDGEHOG_LIGAND_BIOGENESIS,-1.880602061579298,0.03002773134810317,0.8317466599601875,0.9640806275879797
REACTOME_HEDGEHOG_OFF_STATE,-1.1147565019224466,0.5804126201157795,0.8031806622560521,0.9598135253089161
REACTOME_HEDGEHOG_ON_STATE,-1.9201223707565276,0.02329853388924848,0.7168419374654134,0.9794215173312927
REACTOME_HEME_SIGNALING,1.3555370284008195,0.36144134119405685,-1.4534694419912726,0.5594816192148667
REACTOME_HEMOSTASIS,1.1824449351801918,0.5943199840525564,1.048753170032953,0.8005150132400606
REACTOME_HEPARAN_SULFATE_HEPARIN_HS_GAG_METABOLISM,1.5402407380367242,0.16927549337698983,-1.0105283479647136,0.9558832827024948
REACTOME_HH_MUTANTS_ABROGATE_LIGAND_SECRETION,-1.9514017069198895,0.01956654126258936,0.9052601237008845,0.9414813532666675
REACTOME_HIGH_LAMINAR_FLOW_SHEAR_STRESS_ACTIVATES_SIGNALING_BY_PIEZO1_AND_PECAM1_CDH5_KDR_IN_ENDOTHELIAL_CELLS,0.8742915733913195,0.9285285796150368,0.6663821320888014,1.0
REACTOME_HIV_INFECTION,-1.0964107365699485,0.599382602396585,1.5202005336998465,0.3323873313113932
REACTOME_HIV_LIFE_CYCLE,1.1562673365674712,0.6276079358337168,1.4825369722938262,0.36731015608201295
REACTOME_HOMOLOGY_DIRECTED_REPAIR,0.8543697737206064,0.9327941937810378,0.9928457342751882,0.8554826680064191
REACTOME_HOST_INTERACTIONS_OF_HIV_FACTORS,-1.3930554921549052,0.2576716749976215,1.4624716212617883,0.37436242166813033
REACTOME_HSF1_ACTIVATION,-1.0205048580145075,0.684545048247262,1.1841910931932298,0.6527038787502638
REACTOME_HSF1_DEPENDENT_TRANSACTIVATION,-0.7512630329025609,0.9384186223008427,1.3245260756941815,0.5001282601490893
REACTOME_HSP90_CHAPERONE_CYCLE_FOR_STEROID_HORMONE_RECEPTORS_SHR_IN_THE_PRESENCE_OF_LIGAND,1.1178761513690185,0.6658213879667085,1.4537629028259613,0.3703082881689381
REACTOME_HS_GAG_BIOSYNTHESIS,1.462369968894885,0.2411454147719514,-1.3830902228911814,0.7248355909587405
REACTOME_IMMUNOREGULATORY_INTERACTIONS_BETWEEN_A_LYMPHOID_AND_A_NON_LYMPHOID_CELL,1.1066395379032294,0.6893985569734076,1.253216504874935,0.5540998227464526
REACTOME_INACTIVATION_OF_CSF3_G_CSF_SIGNALING,0.9422680099959018,0.8707362071121765,1.3996253835997539,0.4309155035721614
REACTOME_INFECTION_WITH_MYCOBACTERIUM_TUBERCULOSIS,1.0257809881541515,0.7853338868092055,1.4787181003316474,0.373388890698749
REACTOME_INFLUENZA_INFECTION,1.2803752053289794,0.4671265647765243,1.6927397876514099,0.2697245707382645
REACTOME_INFLUENZA_VIRAL_RNA_TRANSCRIPTION_AND_REPLICATION,1.3956392457571498,0.3127244470995269,1.5487393414790172,0.3724202115630179
REACTOME_INITIAL_TRIGGERING_OF_COMPLEMENT,1.692786588071942,0.061619983845073584,1.0185283189273386,0.8260914444001766
REACTOME_INOSITOL_PHOSPHATE_METABOLISM,-1.2627671779040186,0.38476189823299517,1.021585016030125,0.8270378683859033
REACTOME_INSERTION_OF_TAIL_ANCHORED_PROTEINS_INTO_THE_ENDOPLASMIC_RETICULUM_MEMBRANE,-0.9059193566430475,0.7938223482075739,0.6965712362590728,0.9872137426727657
REACTOME_INSULIN_RECEPTOR_SIGNALLING_CASCADE,0.9772120915460394,0.8312836486325464,0.9578005450123775,0.9104494756471636
REACTOME_INTEGRATION_OF_ENERGY_METABOLISM,-0.8913069756046742,0.8070282147791089,0.9596732932216309,0.9081475785959687
REACTOME_INTEGRIN_CELL_SURFACE_INTERACTIONS,1.9814193964415265,0.003619776043115555,1.0328312274215805,0.8133706402315852
REACTOME_INTEGRIN_SIGNALING,1.0745850841956162,0.7416792751491179,0.9742595296009711,0.8815964134955588
REACTOME_INTERCONVERSION_OF_NUCLEOTIDE_DI_AND_TRIPHOSPHATES,-1.3972339033774346,0.2624413234874377,1.4357232430963223,0.3829988965148133
REACTOME_INTERFERON_ALPHA_BETA_SIGNALING,1.3839368456230776,0.32389156146242815,1.3877379506834917,0.4344913652724747
REACTOME_INTERFERON_GAMMA_SIGNALING,1.1882794142448245,0.5884017315676582,1.3783276733353507,0.4330155051814292
REACTOME_INTERFERON_SIGNALING,1.3689001140424144,0.33863069753884417,1.2703714434631141,0.5406266329035185
REACTOME_INTERLEUKIN_10_SIGNALING,1.235888926094142,0.5421919892324362,1.6557554036201423,0.2392483894173384
REACTOME_INTERLEUKIN_12_FAMILY_SIGNALING,1.2172373813745059,0.5620258285610187,1.5356652638671606,0.36231009942092884
REACTOME_INTERLEUKIN_12_SIGNALING,1.0708149429728635,0.7394877669113288,1.488107747876696,0.36132791472729336
REACTOME_INTERLEUKIN_17_SIGNALING,-0.6996629071512837,0.9651322706791862,1.3745567176459847,0.4376433429069561
REACTOME_INTERLEUKIN_1_FAMILY_SIGNALING,-0.953420641575377,0.7421955455093872,1.2947615111364799,0.514895513228796
REACTOME_INTERLEUKIN_1_SIGNALING,-1.282432218670001,0.35707228536508606,1.25367043812869,0.5584131013312973
REACTOME_INTERLEUKIN_20_FAMILY_SIGNALING,0.6651282691934941,0.996916168592328,1.0842920489141274,0.7450831173259583
REACTOME_INTERLEUKIN_2_FAMILY_SIGNALING,1.3720541253356513,0.3349878739954979,1.5369718296152455,0.36930773918147203
REACTOME_INTERLEUKIN_37_SIGNALING,1.4489697463456586,0.2599126208642692,0.9384782126230523,0.9078285157105149
REACTOME_INTERLEUKIN_3_INTERLEUKIN_5_AND_GM_CSF_SIGNALING,1.1906515845444412,0.5886507780259775,1.3850538221072355,0.43940864738324753
REACTOME_INTERLEUKIN_4_AND_INTERLEUKIN_13_SIGNALING,1.446821440888241,0.2610763471097094,1.4536390911893031,0.36538838576896554
REACTOME_INTERLEUKIN_RECEPTOR_SHC_SIGNALING,1.4910445430128076,0.22660803523248682,0.8993967915173025,0.9365101526631976
REACTOME_INTRACELLULAR_SIGNALING_BY_SECOND_MESSENGERS,-1.3759272776821447,0.2689959186859779,1.0215161235892531,0.8249364225378842
REACTOME_INTRA_GOLGI_AND_RETROGRADE_GOLGI_TO_ER_TRAFFIC,-1.029112819392452,0.6695928688002694,0.5313318267951016,1.0
REACTOME_INTRA_GOLGI_TRAFFIC,-0.8760942267553431,0.8130214220215406,-0.6363551926998204,1.0
REACTOME_INTRINSIC_PATHWAY_FOR_APOPTOSIS,-0.7863863140021801,0.9127246494982348,1.6634109559936696,0.23876464050748242
REACTOME_INTRINSIC_PATHWAY_OF_FIBRIN_CLOT_FORMATION,2.3679849428974045,0.0,-1.1907675220253122,0.7808052635342916
REACTOME_ION_CHANNEL_TRANSPORT,0.7429991694111523,0.9573459397948391,-0.947983660838805,0.9016363785655068
REACTOME_ION_HOMEOSTASIS,-0.9248890144158181,0.7731238053291054,0.6132012709957421,1.0
REACTOME_ION_TRANSPORT_BY_P_TYPE_ATPASES,0.5723222344307707,0.9894652263362318,-1.0140920745841122,0.98664648342829
REACTOME_IRAK4_DEFICIENCY_TLR2_4,1.464584125409648,0.24479517541948626,0.734570196554686,0.9764407849395419
REACTOME_IRE1ALPHA_ACTIVATES_CHAPERONES,-1.0084374775941727,0.6773825003833425,1.0639412380797884,0.7823476363045989
REACTOME_IRON_UPTAKE_AND_TRANSPORT,1.078267002753201,0.7383238379902516,1.1181164222190505,0.7260948759981749
REACTOME_IRS_MEDIATED_SIGNALLING,1.4413158270318305,0.2660576432234639,0.7765522922693036,0.9688350594345042
REACTOME_ISG15_ANTIVIRAL_MECHANISM,0.595654575504603,0.9963114319967659,1.3423388704416266,0.4660402444058855
REACTOME_KEAP1_NFE2L2_PATHWAY,-1.6080957246675502,0.12284698845258245,1.1728358015067117,0.6772242006830467
REACTOME_KERATAN_SULFATE_BIOSYNTHESIS,1.9102339881756563,0.009499518081403785,1.3607318652023366,0.4563081650965253
REACTOME_KERATAN_SULFATE_KERATIN_METABOLISM,1.861820164438162,0.013111633222840787,1.1311539122216765,0.7174131542486667
REACTOME_KERATINIZATION,1.902044142972631,0.009547815070246825,0.7519572417891649,0.9852199226317432
REACTOME_L1CAM_INTERACTIONS,1.3784246009648786,0.324355669699502,1.3932997721219595,0.42950345083166913
REACTOME_LATE_SARS_COV_2_INFECTION_EVENTS,-1.4416533563696228,0.22432590012124407,0.764005055394887,0.9730578493357097
REACTOME_LEISHMANIA_INFECTION,-0.9449034389668848,0.7457843354126685,1.4271997182588556,0.38209993611914295
REACTOME_LISTERIA_MONOCYTOGENES_ENTRY_INTO_HOST_CELLS,0.8403060169653372,0.9509289465466761,-0.9491735297572316,0.9136584065692899
REACTOME_LYSOSOME_VESICLE_BIOGENESIS,-1.3931039699254493,0.2595916893215649,1.0561252861062747,0.7899730762748726
REACTOME_MAP2K_AND_MAPK_ACTIVATION,-0.968170194598715,0.7207745532322725,1.3823724526450691,0.42772058151150366
REACTOME_MAPK1_MAPK3_SIGNALING,-1.340469483563329,0.30178524288685443,0.8687885466210489,0.9404796457081714
REACTOME_MAPK6_MAPK4_SIGNALING,-1.7356702991301602,0.07452728235228107,0.985469158709621,0.8609244616179494
REACTOME_MAPK_FAMILY_SIGNALING_CASCADES,-1.3631360266909422,0.27576000577120313,0.903015871604522,0.9377406989641148
REACTOME_MAPK_TARGETS_NUCLEAR_EVENTS_MEDIATED_BY_MAP_KINASES,-1.0626511044770908,0.6420644301163406,1.3369925613857667,0.47642047487830136
REACTOME_MATURATION_OF_DENV_PROTEINS,0.9016636418209727,0.9037938244887659,1.273770239818601,0.5330164327585634
REACTOME_MATURATION_OF_SARS_COV_2_SPIKE_PROTEIN,-1.4563066647943546,0.21828536979088803,0.7257636657958688,0.9797596904751344
REACTOME_MEMBRANE_TRAFFICKING,-0.8929442732206483,0.8089707661922227,1.0053340926266174,0.8397860695023011
REACTOME_METABOLISM_OF_AMINO_ACIDS_AND_DERIVATIVES,-1.2487134226313603,0.3996811820712757,-0.812185554377484,0.990119667084553
REACTOME_METABOLISM_OF_ANGIOTENSINOGEN_TO_ANGIOTENSINS,1.3090139302659225,0.4261510624473612,-0.7449885257097899,1.0
REACTOME_METABOLISM_OF_CARBOHYDRATES_AND_CARBOHYDRATE_DERIVATIVES,1.0904149421750553,0.7148725435178248,0.9001319446821618,0.9393859159299425
REACTOME_METABOLISM_OF_FAT_SOLUBLE_VITAMINS,1.6529550742333539,0.08298671743290845,-1.2942060070081391,0.8224019923352305
REACTOME_METABOLISM_OF_LIPIDS,-1.3659172666916277,0.27593019626136406,-1.369177805695929,0.7160304632949989
REACTOME_METABOLISM_OF_NUCLEOTIDES,-1.3943638986189244,0.259902747842856,1.3933554841230082,0.43367484191896444
REACTOME_METABOLISM_OF_POLYAMINES,-2.1122147650735044,0.009870900694530844,0.6559929709100752,1.0
REACTOME_METABOLISM_OF_RNA,0.961341999353679,0.8497901616640327,1.432073445996489,0.3755543366028178
REACTOME_METABOLISM_OF_STEROIDS,-1.2523959955266901,0.3982640845585814,-1.2797411725848904,0.7855436823243596
REACTOME_METABOLISM_OF_VITAMINS_AND_COFACTORS,1.0549730069351861,0.7533934589522477,-0.9635574755552385,0.9533929942561058
REACTOME_METABOLISM_OF_WATER_SOLUBLE_VITAMINS_AND_COFACTORS,-0.6714910827977416,0.965264161255057,0.6597168475117653,1.0
REACTOME_MET_PROMOTES_CELL_MOTILITY,0.815346462379957,0.9268268716355758,1.2416741723369944,0.5619965601773768
REACTOME_MHC_CLASS_II_ANTIGEN_PRESENTATION,0.9442694089703415,0.8686750416386883,1.1116132967372303,0.725462270793704
REACTOME_MITF_M_DEPENDENT_GENE_EXPRESSION,1.1703642013717852,0.6025365279484531,1.2251919114090493,0.597988327430623
REACTOME_MITF_M_REGULATED_MELANOCYTE_DEVELOPMENT,1.093749648460495,0.7088930061263816,1.2785700175740609,0.532027051059596
REACTOME_MITOCHONDRIAL_BIOGENESIS,-1.6593093116904514,0.09973568900626163,-1.2129799006049224,0.8321291594820165
REACTOME_MITOCHONDRIAL_PROTEIN_DEGRADATION,-2.004544987702538,0.01783897715879068,0.8163599864964048,0.9598137809057247
REACTOME_MITOCHONDRIAL_PROTEIN_IMPORT,-1.1629974649416097,0.5062856839205306,-1.3420849686340481,0.7069397760773003
REACTOME_MITOCHONDRIAL_TRANSLATION,-0.9491546280298035,0.7495495482982678,-1.271559456479639,0.7734391761424587
REACTOME_MITOCHONDRIAL_UNFOLDED_PROTEIN_RESPONSE_UPRMT,0.9895302115505784,0.8259759270102958,1.253652793191424,0.5556148331393962
REACTOME_MITOPHAGY,-1.2027748937024414,0.44888542569704243,0.6747943462591601,0.9982004721231947
REACTOME_MITOTIC_G1_PHASE_AND_G1_S_TRANSITION,-1.7636748143983096,0.06767544597924381,0.9051346693112807,0.9395986602333805
REACTOME_MITOTIC_G2_G2_M_PHASES,-1.0844397435994169,0.6197988079566474,0.8813497552063554,0.937036425475595
REACTOME_MITOTIC_METAPHASE_AND_ANAPHASE,-1.0805466613130785,0.6201477150474143,1.1368294829882286,0.707742881137866
REACTOME_MITOTIC_PROMETAPHASE,0.8756383896786594,0.9310476858036767,0.6638466717768993,0.9998920147505401
REACTOME_MITOTIC_PROPHASE,0.9185642992441052,0.9015374631658262,1.3828701536293688,0.43429792435661185
REACTOME_MITOTIC_SPINDLE_CHECKPOINT,-0.9641012087840367,0.7250658873219049,0.8739098861660293,0.9409841703437621
REACTOME_MOLECULES_ASSOCIATED_WITH_ELASTIC_FIBRES,1.941562160381692,0.006477493971890993,1.2568411507806265,0.5598324118686914
REACTOME_MRNA_3_END_PROCESSING,1.6744270406307555,0.07084982128834454,1.7208874669268313,0.43122759964303625
REACTOME_MRNA_POLYADENYLATION,1.604516973515083,0.11612294293506585,1.6955516967156792,0.32264324612715156
REACTOME_MRNA_SPLICING,1.7351627501463047,0.04325449554551214,1.5731599964151224,0.3655586851300883
REACTOME_MUSCLE_CONTRACTION,1.1671742461088894,0.6046097170843207,0.7346694819079214,0.9780664656022418
REACTOME_MYD88_INDEPENDENT_TLR4_CASCADE,0.6208884222763944,0.9956927554688516,1.4766678809406917,0.3675134256229757
REACTOME_M_PHASE,-0.8917231817316136,0.8087764108343883,1.0700199359909714,0.7720518479671172
REACTOME_NCAM1_INTERACTIONS,1.7051557137517313,0.055383429198685274,0.7963259950585386,0.9643846700121363
REACTOME_NCAM_SIGNALING_FOR_NEURITE_OUT_GROWTH,1.7862721740171223,0.027116567901935822,1.045999410357755,0.8031323066563666
REACTOME_NEDDYLATION,-1.529286992231096,0.16236967053158108,-0.9969147105241626,0.9408548086330292
REACTOME_NEGATIVE_REGULATION_OF_FGFR1_SIGNALING,-1.340040066117259,0.3002237481778462,1.0038440398454684,0.8413905026766071
REACTOME_NEGATIVE_REGULATION_OF_FGFR2_SIGNALING,-1.0092428023565458,0.6783530017524398,1.0568142406365562,0.7928412896534629
REACTOME_NEGATIVE_REGULATION_OF_FGFR3_SIGNALING,-1.0092428023565458,0.6783530017524398,1.0439347886284955,0.8066175596036554
REACTOME_NEGATIVE_REGULATION_OF_FGFR4_SIGNALING,-1.0092428023565458,0.6783530017524398,1.1284317192429543,0.7230898577289849
REACTOME_NEGATIVE_REGULATION_OF_MAPK_PATHWAY,-0.968557145245421,0.7226456065523597,1.4087040128039183,0.4236886555933328
REACTOME_NEGATIVE_REGULATION_OF_MET_ACTIVITY,-1.0735663245390834,0.6307050692160119,0.7143613460176316,0.9751346864149454
REACTOME_NEGATIVE_REGULATION_OF_NOTCH4_SIGNALING,-1.9754049639825189,0.016411858986087425,0.9402275227754944,0.9126561289094991
REACTOME_NEGATIVE_REGULATION_OF_THE_PI3K_AKT_NETWORK,-0.8650993966943716,0.8255085785659048,1.1109922670031493,0.720083249461811
REACTOME_NEGATIVE_REGULATORS_OF_DDX58_IFIH1_SIGNALING,-0.890460725358805,0.8034204316222722,0.7869425243706261,0.9668713727866906
REACTOME_NEPHRIN_FAMILY_INTERACTIONS,1.1069236341804192,0.6917253143079765,0.8806333349935003,0.9363432155501142
REACTOME_NERVOUS_SYSTEM_DEVELOPMENT,1.173043472278882,0.6013407093575078,1.3456203220319518,0.4621423445360845
REACTOME_NETRIN_1_SIGNALING,-0.7869091542941784,0.9145066692943763,1.2454111823296574,0.5586684104000712
REACTOME_NEUREXINS_AND_NEUROLIGINS,-1.368456744876833,0.27452753520745676,0.8340865220832409,0.9621179540546135
REACTOME_NEURONAL_SYSTEM,0.7864771496035251,0.9471575950544645,0.7369449894715677,0.9787588905828138
REACTOME_NEUROTRANSMITTER_RECEPTORS_AND_POSTSYNAPTIC_SIGNAL_TRANSMISSION,1.1197673438309803,0.6696824427042115,1.2439839968833137,0.5604917084125017
REACTOME_NEUROTRANSMITTER_RELEASE_CYCLE,-0.9329389876314101,0.765152950786768,-1.0830161284453745,1.0
REACTOME_NEUTROPHIL_DEGRANULATION,1.1794822288224447,0.5994941839266068,1.7047046147857978,0.3724866605890971
REACTOME_NOD1_2_SIGNALING_PATHWAY,-0.8053636852519721,0.8997201650799819,0.9537085457800993,0.9108109903506056
REACTOME_NONHOMOLOGOUS_END_JOINING_NHEJ,0.9599680390059411,0.8502343755500549,1.2255963029708705,0.5995228581392551
REACTOME_NONSENSE_MEDIATED_DECAY_NMD,1.1740485294137193,0.60183648694861,1.195705351436553,0.6588158119417066
REACTOME_NON_INTEGRIN_MEMBRANE_ECM_INTERACTIONS,0.9898498282823808,0.8280582439202365,1.3288407192547416,0.49671663273362177
REACTOME_NOTCH3_ACTIVATION_AND_TRANSMISSION_OF_SIGNAL_TO_THE_NUCLEUS,1.0344969267370145,0.7806259090439067,1.2658304467004335,0.548817103386597
REACTOME_NR1H2_AND_NR1H3_MEDIATED_SIGNALING,1.7373210609391447,0.0431192960174747,1.3216933823411672,0.5057076550140751
REACTOME_NRAGE_SIGNALS_DEATH_THROUGH_JNK,0.8905123335433484,0.9147416828715659,0.8955434860574333,0.942313638827955
REACTOME_NUCLEAR_ENVELOPE_BREAKDOWN,0.9872220741695076,0.8232214769979708,1.3965063022749815,0.4320023253407755
REACTOME_NUCLEAR_ENVELOPE_NE_REASSEMBLY,1.051484904581169,0.7504268159648722,1.4541683966080132,0.3742295794554898
REACTOME_NUCLEAR_EVENTS_KINASE_AND_TRANSCRIPTION_FACTOR_ACTIVATION,-0.7106127280922838,0.9590154393293654,1.1505719474223424,0.6962965835821778
REACTOME_NUCLEAR_EVENTS_MEDIATED_BY_NFE2L2,-1.554240192097199,0.15353666043136183,0.9414802438505712,0.914361474210192
REACTOME_NUCLEAR_EVENTS_STIMULATED_BY_ALK_SIGNALING_IN_CANCER,1.357204475112599,0.3606905728295588,1.5307004924115106,0.3702622794410986
REACTOME_NUCLEAR_SIGNALING_BY_ERBB4,1.1017636737108552,0.6932641853148155,-0.8454586615466535,0.9974682661397481
REACTOME_NUCLEOTIDE_BINDING_DOMAIN_LEUCINE_RICH_REPEAT_CONTAINING_RECEPTOR_NLR_SIGNALING_PATHWAYS,-0.5575210887504525,0.9960688660331295,0.8857553940792298,0.9406844616000596
REACTOME_NUCLEOTIDE_CATABOLISM,-0.9459987227740658,0.7486806191433892,1.0681722721698987,0.7751338858323238
REACTOME_NUCLEOTIDE_EXCISION_REPAIR,0.9403028258455894,0.8698013654425518,1.113602520329065,0.7270456007305331
REACTOME_N_GLYCAN_TRIMMING_IN_THE_ER_AND_CALNEXIN_CALRETICULIN_CYCLE,1.0712229600112941,0.7414085452119519,0.9502927276803095,0.9139744581857333
REACTOME_ONCOGENIC_MAPK_SIGNALING,0.8757422066713598,0.9335856969583073,1.2968880860654872,0.5145207155106971
REACTOME_OPIOID_SIGNALLING,-1.3031199015406465,0.3359870929774881,1.1100187821644871,0.715861430775225
REACTOME_ORC1_REMOVAL_FROM_CHROMATIN,-2.0678528968407437,0.01624719150462167,0.8373279407302961,0.960584988068011
REACTOME_ORGANELLE_BIOGENESIS_AND_MAINTENANCE,0.7143978262560016,0.9816817558303131,-1.0067571239200714,0.948553537400785
REACTOME_OTHER_INTERLEUKIN_SIGNALING,1.3470600452023336,0.3687407072433936,1.1372238614752814,0.7092129960404693
REACTOME_OVARIAN_TUMOR_DOMAIN_PROTEASES,-0.8065827846356113,0.9030829902686427,1.1117669446101994,0.7274927673508562
REACTOME_OXIDATIVE_STRESS_INDUCED_SENESCENCE,-1.0375892831161844,0.6601414326611824,1.360434317474034,0.4534492707542471
REACTOME_O_GLYCOSYLATION_OF_TSR_DOMAIN_CONTAINING_PROTEINS,1.7258448262820303,0.04649401228712868,1.166307726161391,0.6845536698864665
REACTOME_O_LINKED_GLYCOSYLATION,0.9461931771825338,0.866785538324379,1.262905788441139,0.5524991555041879
REACTOME_O_LINKED_GLYCOSYLATION_OF_MUCINS,-1.7244063320467837,0.07723736534690948,1.155379356724545,0.6974724303238494
REACTOME_P53_DEPENDENT_G1_DNA_DAMAGE_RESPONSE,-2.0071456976384603,0.01832419733750979,0.8912952837094661,0.9381643717852148
REACTOME_P75_NTR_RECEPTOR_MEDIATED_SIGNALLING,0.8925570781244482,0.9158677390862431,1.195679294818357,0.65596722392472
REACTOME_PARASITE_INFECTION,0.8222705540169509,0.9315610072503127,1.4111517529764201,0.4204564416501841
REACTOME_PCP_CE_PATHWAY,-1.6532432744050642,0.10257411866304643,1.2755492245197517,0.5302204631515512
REACTOME_PEPTIDE_HORMONE_METABOLISM,1.2296090435147726,0.545355214899827,0.7813515173248743,0.9694103916420702
REACTOME_PEPTIDE_LIGAND_BINDING_RECEPTORS,1.4212904488536926,0.2869291279304652,1.2143827388881632,0.6244768929544908
REACTOME_PEROXISOMAL_PROTEIN_IMPORT,-1.8916837013291854,0.028420906588303114,0.4302964966760095,1.0
REACTOME_PHASE_II_CONJUGATION_OF_COMPOUNDS,-1.6513200939568071,0.10129058250162123,0.6725192389314921,0.9987028303918982
REACTOME_PHASE_I_FUNCTIONALIZATION_OF_COMPOUNDS,-1.9997394700535474,0.01617400595730355,-1.293317777620152,0.7799413397043853
REACTOME_PHOSPHOLIPID_METABOLISM,-0.9108689703393922,0.7932956234285612,-1.2312576031759477,0.8039354896439119
REACTOME_PHOSPHORYLATION_OF_CD3_AND_TCR_ZETA_CHAINS,0.7622322273779254,0.9489991916707846,-0.7337540385624933,1.0
REACTOME_PI3K_AKT_SIGNALING_IN_CANCER,-0.8878117252908421,0.8040336994250376,0.8291922986437389,0.9644414893140577
REACTOME_PINK1_PRKN_MEDIATED_MITOPHAGY,-0.7483596353961969,0.9395235646105986,0.9443339227268253,0.914349269973032
REACTOME_PI_METABOLISM,0.576780637871515,0.9896912686166915,-1.23588414457432,0.8246297632695402
REACTOME_PKR_MEDIATED_SIGNALING,1.4836324621592647,0.23399056356757542,1.5191596846949709,0.3194717290395754
REACTOME_PLASMA_LIPOPROTEIN_ASSEMBLY,1.66283448843677,0.07655408956593232,0.7204356755721324,0.9806740960598029
REACTOME_PLASMA_LIPOPROTEIN_ASSEMBLY_REMODELING_AND_CLEARANCE,1.8309062352467702,0.018576489554599965,1.1533883113621959,0.7007934402702543
REACTOME_PLASMA_LIPOPROTEIN_CLEARANCE,1.5842426447835747,0.13513830560964737,0.8793103634670527,0.9368451151086908
REACTOME_PLASMA_LIPOPROTEIN_REMODELING,2.1086008748037157,0.0006032960071859257,1.1397014691702179,0.7172369980760332
REACTOME_PLATELET_ACTIVATION_SIGNALING_AND_AGGREGATION,1.0639975249262448,0.7545557227653749,1.3187675715308418,0.4982637601512052
REACTOME_PLATELET_AGGREGATION_PLUG_FORMATION,1.1474658992900335,0.6322697593893284,0.9705436636233181,0.8883676614958849
REACTOME_PLATELET_HOMEOSTASIS,-1.4902546346653658,0.19151392375557036,1.027600951252708,0.8223283732141967
REACTOME_POST_TRANSLATIONAL_MODIFICATION_SYNTHESIS_OF_GPI_ANCHORED_PROTEINS,1.141419672154031,0.6390954007297965,0.6773168981557711,0.9992064686477622
REACTOME_POTASSIUM_CHANNELS,-1.1040315324001317,0.5932150157177916,-1.460652536219417,0.5856411501122936
REACTOME_POTENTIAL_THERAPEUTICS_FOR_SARS,0.8010794330596922,0.9443325367591608,1.35323904994581,0.4548787749157658
REACTOME_PRE_NOTCH_EXPRESSION_AND_PROCESSING,1.4781058690875957,0.22980723767978828,1.1754221026863547,0.671973689449336
REACTOME_PRE_NOTCH_PROCESSING_IN_GOLGI,1.3195305910179307,0.4136895355941687,0.7321479506616568,0.9775034711270104
REACTOME_PROCESSING_OF_CAPPED_INTRON_CONTAINING_PRE_MRNA,1.5642254725026337,0.1562134461273424,1.6168874032422877,0.27898490701265016
REACTOME_PROCESSING_OF_DNA_DOUBLE_STRAND_BREAK_ENDS,0.8276602378839404,0.9361949590299101,0.8829820852053888,0.9400137431081768
REACTOME_PROGRAMMED_CELL_DEATH,-0.9053899434161163,0.7923698733058941,1.5158256771331033,0.3239751627684908
REACTOME_PROTEASOME_ASSEMBLY,-2.158473780473695,0.013200843097505103,0.728937001594933,0.9795785617183612
REACTOME_PROTEIN_FOLDING,0.9811883391433269,0.8327172440444618,1.2072615838217002,0.6325608665777104
REACTOME_PROTEIN_LOCALIZATION,-1.7380169510283496,0.07439428926091804,-0.9511063239521826,0.9238230714197837
REACTOME_PROTEIN_PROTEIN_INTERACTIONS_AT_SYNAPSES,-1.538298336614985,0.15928945260980773,0.6146551365344124,1.0
REACTOME_PROTEIN_UBIQUITINATION,-0.5910920115800323,0.9932177659518859,1.0228130995832267,0.8282819871903812
REACTOME_PTEN_REGULATION,-1.529366537327109,0.16390664161740348,1.0888459145973,0.7488017162132007
REACTOME_PURINERGIC_SIGNALING_IN_LEISHMANIASIS_INFECTION,0.8322287871940821,0.9479219831669425,1.1094045445316982,0.7153291606131164
REACTOME_PYROPTOSIS,-0.5265831001812664,0.9970306006974924,1.6468573655116767,0.22589346415595749
REACTOME_PYRUVATE_METABOLISM,-1.099183168650256,0.5987932249408044,1.035222075649299,0.8137288499088251
REACTOME_RAB_GEFS_EXCHANGE_GTP_FOR_GDP_ON_RABS,-1.006986981739512,0.6727672919151926,1.2560666495443362,0.5564939637610502
REACTOME_RAB_GERANYLGERANYLATION,-1.9215851013586664,0.02337755482904379,-1.0358571973453803,0.978731432883949
REACTOME_RAB_REGULATION_OF_TRAFFICKING,-1.126006578246492,0.5605690604799675,1.0037191979894642,0.8395006224435354
REACTOME_RAC1_GTPASE_CYCLE,0.6694763672430626,0.9976486690467405,1.1106507863840887,0.7163318040901387
REACTOME_RAC2_GTPASE_CYCLE,0.8268787360223419,0.9352235714453296,1.4544950863553305,0.37871660390579226
REACTOME_RAC3_GTPASE_CYCLE,-0.9348506550612448,0.7633914120119987,1.18949532862479,0.6525203852813056
REACTOME_RAF_ACTIVATION,-1.1587660151922405,0.5096806772921064,1.312671794663128,0.5044508586492791
REACTOME_RAF_INDEPENDENT_MAPK1_3_ACTIVATION,-0.5913727706529849,0.9957358382771332,1.368148801830246,0.4509139174790207
REACTOME_RECRUITMENT_OF_MITOTIC_CENTROSOME_PROTEINS_AND_COMPLEXES,0.8319735966985735,0.9432817233514754,0.552556355355914,1.0
REACTOME_RECRUITMENT_OF_NUMA_TO_MITOTIC_CENTROSOMES,1.2933684683041524,0.4447145553609715,0.552556355355914,1.0
REACTOME_RECYCLING_PATHWAY_OF_L1,1.4002436925929005,0.3117395004404366,1.3572531751847041,0.45269891396164347
REACTOME_REGULATED_NECROSIS,-1.1099331693024985,0.585190893355172,1.3169371116073643,0.5008292223923231
REACTOME_REGULATION_OF_APOPTOSIS,-2.11513545584462,0.010119565224623078,0.8262993515947668,0.9613640510670567
REACTOME_REGULATION_OF_CDH1_FUNCTION,-1.2456547977560322,0.4027187398149178,1.2995746975499212,0.5117134841136709
REACTOME_REGULATION_OF_CDH1_POSTTRANSLATIONAL_PROCESSING_AND_TRAFFICKING_TO_PLASMA_MEMBRANE,0.9024036482251663,0.9048923524051847,-0.6839677603168135,1.0
REACTOME_REGULATION_OF_CHOLESTEROL_BIOSYNTHESIS_BY_SREBP_SREBF,0.789831036935278,0.94402789080221,-1.258746683192631,0.7795970693060017
REACTOME_REGULATION_OF_EXPRESSION_OF_SLITS_AND_ROBOS,0.5823204012896509,0.9959407269872242,1.1394527013417395,0.7153970836558603
REACTOME_REGULATION_OF_HOMOTYPIC_CELL_CELL_ADHESION,-1.0452835695121045,0.6508539028514411,1.321356993314218,0.4997968176049647
REACTOME_REGULATION_OF_HSF1_MEDIATED_HEAT_SHOCK_RESPONSE,-0.42443368429415795,0.9989095353449601,1.4675682684893931,0.36819862868323083
REACTOME_REGULATION_OF_INSULIN_LIKE_GROWTH_FACTOR_IGF_TRANSPORT_AND_UPTAKE_BY_INSULIN_LIKE_GROWTH_FACTOR_BINDING_PROTEINS_IGFBPS,2.326919684964618,0.0,1.3626117340841375,0.45753591474062205
REACTOME_REGULATION_OF_INSULIN_SECRETION,0.7817545207208291,0.9429655967631212,-0.8504826733694549,0.9994823806282992
REACTOME_REGULATION_OF_KIT_SIGNALING,-0.6724544813767301,0.967036931985696,1.2515511726890667,0.5535785385694796
REACTOME_REGULATION_OF_LIPID_METABOLISM_BY_PPARALPHA,-1.058095773636482,0.6412106818963573,-1.6377443268041278,0.3921759491022167
REACTOME_REGULATION_OF_MRNA_STABILITY_BY_PROTEINS_THAT_BIND_AU_RICH_ELEMENTS,-1.5815951169079703,0.1400981064596442,1.3145629676482893,0.5015556325175121
REACTOME_REGULATION_OF_ORNITHINE_DECARBOXYLASE_ODC,-2.1448289797871136,0.009378205134907103,0.6141248935344477,1.0
REACTOME_REGULATION_OF_PD_L1_CD274_EXPRESSION,-1.7347079822484783,0.0738756641588419,1.0202933580473321,0.8235411119507283
REACTOME_REGULATION_OF_PD_L1_CD274_POST_TRANSLATIONAL_MODIFICATION,-2.1801570383086717,0.011416945381626036,0.771022478187736,0.9709201685404959
REACTOME_REGULATION_OF_PLK1_ACTIVITY_AT_G2_M_TRANSITION,-0.6898369907117897,0.9593704435248127,0.7174247856739484,0.9805713720902411
REACTOME_REGULATION_OF_PTEN_STABILITY_AND_ACTIVITY,-1.9990614478779705,0.015790372039910204,0.8220590250743304,0.958484195381581
REACTOME_REGULATION_OF_RAS_BY_GAPS,-1.8043601370295161,0.053449614581433214,0.9913941317737054,0.8527035357899271
REACTOME_REGULATION_OF_RUNX2_EXPRESSION_AND_ACTIVITY,-2.0387693605949595,0.018888328756366608,0.9561081512371852,0.9097044840420262
REACTOME_REGULATION_OF_RUNX3_EXPRESSION_AND_ACTIVITY,-2.13284549995217,0.009811437437334876,0.7577113373683303,0.9796761632588974
REACTOME_REGULATION_OF_SIGNALING_BY_CBL,1.4260553380365923,0.2836595304898113,1.2600077019473666,0.5557753900171074
REACTOME_REGULATION_OF_TLR_BY_ENDOGENOUS_LIGAND,1.79281300762729,0.02679081157836759,1.0905276083374018,0.7489137484246857
REACTOME_REGULATION_OF_TP53_ACTIVITY,-1.3863458760050944,0.26150859364656304,0.8917285207342519,0.9394190478972897
REACTOME_REGULATION_OF_TP53_ACTIVITY_THROUGH_PHOSPHORYLATION,-1.549525389890905,0.15435174986643635,0.7912652354121864,0.9624211649409307
REACTOME_REGULATION_OF_TP53_EXPRESSION_AND_DEGRADATION,-1.3159393339030898,0.321245258472934,1.2027249977952843,0.6418600677683647
REACTOME_REGULATION_OF_T_CELL_ACTIVATION_BY_CD28_FAMILY,-1.385969046020687,0.2600037627276133,1.1482108355558036,0.6932382659319533
REACTOME_REPRODUCTION,0.7579129936838985,0.948479702501284,0.9168345247521746,0.9342736193736811
REACTOME_RESOLUTION_OF_ABASIC_SITES_AP_SITES,1.0605468522469375,0.7572511651188762,1.6634395232332158,0.26822149376835486
REACTOME_RESOLUTION_OF_SISTER_CHROMATID_COHESION,0.829115064682756,0.9385750602404037,0.910948989535567,0.9404693988957387
REACTOME_RESPIRATORY_ELECTRON_TRANSPORT,-1.5832050340673254,0.1404576192475328,-1.0750004506611135,1.0
REACTOME_RESPIRATORY_SYNCYTIAL_VIRUS_INFECTION_PATHWAY,0.9534828929107987,0.8543630342823734,0.8863158614380817,0.9416968563158211
REACTOME_RESPIRATORY_SYNCYTIAL_VIRUS_RSV_ATTACHMENT_AND_ENTRY,1.4682269936796142,0.2410924493136265,0.6417588022070323,1.0
REACTOME_RESPONSE_OF_EIF2AK4_GCN2_TO_AMINO_ACID_DEFICIENCY,1.3350337293772339,0.3808540660475062,1.2163991991707346,0.6206732114535327
REACTOME_RESPONSE_OF_MTB_TO_PHAGOCYTOSIS,0.8202953658184269,0.9327304630993575,1.2939187490432196,0.5110836374128919
REACTOME_RESPONSE_TO_ELEVATED_PLATELET_CYTOSOLIC_CA2,1.2083340584413909,0.5636761609286987,1.2142537600818224,0.621938777012002
REACTOME_RETROGRADE_TRANSPORT_AT_THE_TRANS_GOLGI_NETWORK,-0.9689438588700257,0.7243161237060258,-0.6946349418095867,1.0
REACTOME_RET_SIGNALING,0.744118174300341,0.958039791439822,-1.0950447033331472,0.9987186822093496
REACTOME_RHOA_GTPASE_CYCLE,0.6446531256955823,1.0,0.9094804558581624,0.937030617489109
REACTOME_RHOBTB2_GTPASE_CYCLE,0.9295514755133323,0.8898732872961537,1.5592548297260602,0.3722763349761161
REACTOME_RHOBTB_GTPASE_CYCLE,1.3921720272946863,0.3145952605123965,1.4449652521522147,0.3680361706184221
REACTOME_RHOB_GTPASE_CYCLE,-0.9074110723716328,0.795745453448127,0.5396126515070798,1.0
REACTOME_RHOC_GTPASE_CYCLE,-0.8128953193633531,0.894685258839488,1.0922663476695296,0.7487898102734633
REACTOME_RHOD_GTPASE_CYCLE,0.5880941470965072,0.995506742157233,1.2676482186950382,0.5460970817542043
REACTOME_RHOG_GTPASE_CYCLE,-1.009786972512137,0.688192645716324,1.1949811222485178,0.6553369517481201
REACTOME_RHOH_GTPASE_CYCLE,0.8323776814310361,0.95023032914113,1.25510919489773,0.5566945741535596
REACTOME_RHOJ_GTPASE_CYCLE,0.6128275388005654,0.9915673715330119,0.7475982513376455,0.9834921491487617
REACTOME_RHOQ_GTPASE_CYCLE,0.6395808241800105,1.0,0.567231590026666,1.0
REACTOME_RHOU_GTPASE_CYCLE,0.8683926022150573,0.9273322209877537,-0.9897251353510144,0.9448725833750506
REACTOME_RHOV_GTPASE_CYCLE,1.1692987070423413,0.6022884825409285,0.8316835243252642,0.962201967943692
REACTOME_RHO_GTPASES_ACTIVATE_FORMINS,0.7590827573486033,0.9490136239191912,0.9492382334144999,0.9119131102191083
REACTOME_RHO_GTPASES_ACTIVATE_NADPH_OXIDASES,-0.6361044359980274,0.9864033647409503,1.5006173433420271,0.3449909018829978
REACTOME_RHO_GTPASES_ACTIVATE_PKNS,1.1990163987049305,0.5760488040915839,1.4069081566478447,0.42494973457692786
REACTOME_RHO_GTPASES_ACTIVATE_WASPS_AND_WAVES,-1.55371694432769,0.15228102017571465,1.3666844317653575,0.45185967250888576
REACTOME_RHO_GTPASE_CYCLE,0.6887174119291106,0.9979595933189063,1.120012637611726,0.7279911883953555
REACTOME_RHO_GTPASE_EFFECTORS,-0.8875839986748032,0.8019844476406917,1.3414654939921997,0.4652562957831732
REACTOME_RIBOSOME_ASSOCIATED_QUALITY_CONTROL,-0.6506886594278151,0.9788184258483147,0.9094633328830467,0.9349095560970893
REACTOME_RIBOSOME_QUALITY_CONTROL_RQC_COMPLEX_EXTRACTS_AND_DEGRADES_NASCENT_PEPTIDE,-0.9856459501076935,0.7008742013627149,0.9981645757365528,0.8491003198516062
REACTOME_RIPK1_MEDIATED_REGULATED_NECROSIS,-1.4147970744779208,0.24822420712985696,0.8602305643847518,0.944220137087587
REACTOME_RNA_POLYMERASE_II_TRANSCRIPTION,-0.9218741587676466,0.776879374892405,0.9922988111609189,0.8547173933263967
REACTOME_RND1_GTPASE_CYCLE,-0.9034733865831198,0.7886647719305037,1.1356215229525275,0.7086517984939613
REACTOME_RND2_GTPASE_CYCLE,-0.6816666055691342,0.9643624672367548,1.1576868094028918,0.6930356113092652
REACTOME_RND3_GTPASE_CYCLE,-1.2088827700999543,0.44237382622369387,0.9096344083919341,0.9388915448914044
REACTOME_ROLE_OF_LAT2_NTAL_LAB_ON_CALCIUM_MOBILIZATION,0.9873609406789389,0.825715398744493,0.842167169226556,0.9562765012864443
REACTOME_ROLE_OF_PHOSPHOLIPIDS_IN_PHAGOCYTOSIS,1.1251153344389628,0.664668341744099,0.7158215126065859,0.9787337884808535
REACTOME_RRNA_PROCESSING,1.3884722267722276,0.3167664984055196,1.0998880751464537,0.7383549110344503
REACTOME_RSV_HOST_INTERACTIONS,1.414969204233053,0.28812970417268563,-0.803250748620062,0.9708584017414053
REACTOME_RUNX1_REGULATES_GENES_INVOLVED_IN_MEGAKARYOCYTE_DIFFERENTIATION_AND_PLATELET_FUNCTION,0.9058788438756745,0.9052518655315267,0.7710166871481215,0.9691092396453056
REACTOME_RUNX1_REGULATES_TRANSCRIPTION_OF_GENES_INVOLVED_IN_DIFFERENTIATION_OF_HSCS,-1.6530274603216462,0.1013782464905497,0.7765562405050024,0.9706571825383042
REACTOME_SARS_COV_1_ACTIVATES_MODULATES_INNATE_IMMUNE_RESPONSES,0.8814068566263914,0.9265836639890219,1.3093019905439032,0.4990242464900121
REACTOME_SARS_COV_1_HOST_INTERACTIONS,1.022302932748143,0.7855125696370292,1.1900393709178176,0.6537520981767826
REACTOME_SARS_COV_1_INFECTION,0.9121744584975686,0.8992731536064619,1.1942530140631462,0.6518508949407532
REACTOME_SARS_COV_1_TARGETS_HOST_INTRACELLULAR_SIGNALLING_AND_REGULATORY_PATHWAYS,-0.9073837685420466,0.7931172714469684,0.8482218872632034,0.953967967389406
REACTOME_SARS_COV_2_ACTIVATES_MODULATES_INNATE_AND_ADAPTIVE_IMMUNE_RESPONSES,0.9953681958936685,0.823139685761187,1.5484599212023042,0.35997061736583935
REACTOME_SARS_COV_2_HOST_INTERACTIONS,1.0584674382697656,0.7533271056586772,1.5490313660073203,0.38619748683415767
REACTOME_SARS_COV_2_INFECTION,0.9675646567092365,0.8403388478489174,1.3566604810949892,0.450889380247461
REACTOME_SARS_COV_INFECTIONS,0.9568388990677306,0.852140862914389,1.2375498657883492,0.5722561739941814
REACTOME_SCAVENGING_BY_CLASS_A_RECEPTORS,1.7767470552541789,0.029556347975980567,-0.8149837418129908,1.0
REACTOME_SCF_BETA_TRCP_MEDIATED_DEGRADATION_OF_EMI1,-2.0341461189045704,0.017054062163803892,0.8043905788037261,0.9598718502380573
REACTOME_SCF_SKP2_MEDIATED_DEGRADATION_OF_P27_P21,-2.000511587877405,0.016485675443296214,0.5818068220386948,1.0
REACTOME_SELECTIVE_AUTOPHAGY,0.9777098699281681,0.832863011018363,0.8830179907936895,0.9420157598458488
REACTOME_SELENOAMINO_ACID_METABOLISM,1.1883534740065955,0.5913866178981257,1.2460564233973854,0.5594210607548683
REACTOME_SEMAPHORIN_INTERACTIONS,0.9047222971372463,0.9051147899563075,1.4053349493865448,0.42560689802375734
REACTOME_SENESCENCE_ASSOCIATED_SECRETORY_PHENOTYPE_SASP,0.9782968143782282,0.8342801729001669,1.4721419040465187,0.36402398292878374
REACTOME_SENSORY_PERCEPTION,1.3990900710246201,0.3113152333057079,-0.9603927181112434,0.9452550246800407
REACTOME_SENSORY_PROCESSING_OF_SOUND,0.9289852036739447,0.8855457237786027,0.8054282969937466,0.9638862696315087
REACTOME_SENSORY_PROCESSING_OF_SOUND_BY_OUTER_HAIR_CELLS_OF_THE_COCHLEA,1.1850324171876017,0.5909305783861575,0.8629508856824109,0.9470730291137357
REACTOME_SEPARATION_OF_SISTER_CHROMATIDS,-1.069712505042514,0.6368110944318641,0.9329275695150157,0.9158937928892267
REACTOME_SHC1_EVENTS_IN_ERBB2_SIGNALING,-0.6746367355167531,0.9677063402867029,0.47602797432177113,1.0
REACTOME_SIALIC_ACID_METABOLISM,-1.7398506884725409,0.07608918390796185,0.7766502011030906,0.972366661696907
REACTOME_SIGNALING_BY_ALK,1.0723704688098379,0.7414143065750907,1.151255464875912,0.6968655552774351
REACTOME_SIGNALING_BY_ALK_IN_CANCER,0.755001481947618,0.9457727862747286,1.3069430942811866,0.4999159579010193
REACTOME_SIGNALING_BY_BRAF_AND_RAF1_FUSIONS,0.8341117329949566,0.9495105696687003,1.299426684030215,0.5090952923998877
REACTOME_SIGNALING_BY_CSF1_M_CSF_IN_MYELOID_CELLS,1.0187916525840373,0.7860042403411182,1.4344431719100035,0.38232347160416097
REACTOME_SIGNALING_BY_CSF3_G_CSF,0.7835815290459395,0.942423213845655,1.5212151415301176,0.3372952563775968
REACTOME_SIGNALING_BY_EGFR,0.7703522893270488,0.946287935199796,0.6658035390579913,0.9998381177111392
REACTOME_SIGNALING_BY_EGFR_IN_CANCER,0.91564552266109,0.902584114725543,1.2121212878856413,0.6227319779894745
REACTOME_SIGNALING_BY_ERBB2,-1.213915011013476,0.4377187162846523,0.8223973547423223,0.9598378849269035
REACTOME_SIGNALING_BY_ERBB2_ECD_MUTANTS,1.1395645562720527,0.6409576896819117,0.7804662498445025,0.9688387308541141
REACTOME_SIGNALING_BY_ERBB2_IN_CANCER,0.8748513614553816,0.9299890756105366,-0.5686544587006088,1.0
REACTOME_SIGNALING_BY_ERBB4,1.2106796244685398,0.5635037516871939,-0.6452625651016983,1.0
REACTOME_SIGNALING_BY_ERYTHROPOIETIN,1.2092705055996973,0.5642417315692309,1.043168748955192,0.8040177300451484
REACTOME_SIGNALING_BY_FGFR,-1.0034473720327017,0.6755662789350154,1.2524923436883524,0.5534517684488468
REACTOME_SIGNALING_BY_FGFR1,-1.0076320425167111,0.674037578708359,1.1191474459645845,0.7282185012933724
REACTOME_SIGNALING_BY_FGFR1_IN_DISEASE,0.7969498951666755,0.9464544697223038,0.8724300241411265,0.9416951473326307
REACTOME_SIGNALING_BY_FGFR2,-0.8297455381284913,0.8746820535465795,1.1279732833882519,0.7192291107604366
REACTOME_SIGNALING_BY_FGFR3,-0.7724733926655665,0.924178292097856,1.0112989883303578,0.8312730060426539
REACTOME_SIGNALING_BY_FGFR4,-0.7724733926655665,0.924178292097856,1.095259797783439,0.7447601665101221
REACTOME_SIGNALING_BY_FGFR_IN_DISEASE,0.8199070942799067,0.9261117404754643,0.8697277102238653,0.9407177523468027
REACTOME_SIGNALING_BY_GPCR,0.8800808505121178,0.9268202042738799,0.940239022541003,0.9148593647281528
REACTOME_SIGNALING_BY_HEDGEHOG,-1.217273424878003,0.4365134749660225,0.9398773327063757,0.9090522168136205
REACTOME_SIGNALING_BY_INSULIN_RECEPTOR,0.9727696829934084,0.8363611002998896,0.9159342135891206,0.9318591684256123
REACTOME_SIGNALING_BY_INTERLEUKINS,1.2018451800798151,0.5747736998666776,1.4285403437100046,0.3820575619983817
REACTOME_SIGNALING_BY_KIT_IN_DISEASE,-0.7264041345134743,0.946143269672049,1.18283582266676,0.6514024606146249
REACTOME_SIGNALING_BY_MET,-0.9406208401838636,0.7525652841219774,1.086960912495136,0.7492750124335589
REACTOME_SIGNALING_BY_MODERATE_KINASE_ACTIVITY_BRAF_MUTANTS,0.8997302394443953,0.905386550099256,1.4765606174953327,0.36146591474801737
REACTOME_SIGNALING_BY_NOTCH,-0.8185750704928251,0.8897532915199906,1.112456484721519,0.7277247813311429
REACTOME_SIGNALING_BY_NOTCH1,-0.739980682132179,0.9398546202368684,0.8925280609443899,0.9399402464839183
REACTOME_SIGNALING_BY_NOTCH1_PEST_DOMAIN_MUTANTS_IN_CANCER,-0.5153252658537991,0.9943813682271962,0.9569348182279153,0.9101468933483468
REACTOME_SIGNALING_BY_NOTCH3,0.8852111393987482,0.9209190489313582,1.4388800282714254,0.37752608568898804
REACTOME_SIGNALING_BY_NOTCH4,-1.3649529769877522,0.27521819955024057,0.781471951293972,0.9710287137783117
REACTOME_SIGNALING_BY_NTRK2_TRKB,-0.9563273897340656,0.7381349007668554,0.747423783068804,0.9801326273849837
REACTOME_SIGNALING_BY_NTRKS,-0.8586194806349648,0.8284264412178617,1.4516573616353812,0.3614583372274996
REACTOME_SIGNALING_BY_NUCLEAR_RECEPTORS,0.9752743291138428,0.8331400378915503,1.2309034977036424,0.5910249879815871
REACTOME_SIGNALING_BY_PDGF,1.6226991773076351,0.10514990759163353,1.1632881231833248,0.6861909179319814
REACTOME_SIGNALING_BY_PTK6,1.154361377247669,0.6234729069818107,0.9401404501705376,0.9106573228038637
REACTOME_SIGNALING_BY_RECEPTOR_TYROSINE_KINASES,1.0724324155296254,0.7444161460871626,1.243682608888055,0.558699502506974
REACTOME_SIGNALING_BY_RETINOIC_ACID,-2.245179849638493,0.017125418072439055,-1.5476683141224292,0.5050885201872115
REACTOME_SIGNALING_BY_RHO_GTPASES_MIRO_GTPASES_AND_RHOBTB3,0.7107036282559,0.9812977534630163,1.202653515946209,0.6392022757529292
REACTOME_SIGNALING_BY_ROBO_RECEPTORS,0.6762104800492784,1.0,1.2635461639782688,0.5532765482042132
REACTOME_SIGNALING_BY_SCF_KIT,0.8372645136985233,0.951485261756146,1.1382744434912762,0.711176165198336
REACTOME_SIGNALING_BY_TGFBR3,0.5769710169672829,0.9917363097060716,0.9288578111924554,0.918732967870439
REACTOME_SIGNALING_BY_TGFB_FAMILY_MEMBERS,0.9412990921802522,0.8702318913295983,1.483930363085776,0.3694898095129288
REACTOME_SIGNALING_BY_TGF_BETA_RECEPTOR_COMPLEX,0.8243471028235783,0.9374834869111508,1.3524617918140498,0.4501068667155367
REACTOME_SIGNALING_BY_THE_B_CELL_RECEPTOR_BCR,-1.1792474560616013,0.4866632423462534,0.8999473926668741,0.9375902004214292
REACTOME_SIGNALING_BY_TYPE_1_INSULIN_LIKE_GROWTH_FACTOR_1_RECEPTOR_IGF1R,1.1342185444079957,0.6461018322939215,1.0009396834340005,0.8443780245030619
REACTOME_SIGNALING_BY_VEGF,1.0106131606714306,0.7985776015119466,1.4333553972953552,0.38091339383132017
REACTOME_SIGNALING_BY_WNT,-1.6409756554952857,0.1050970597183611,1.3610711111780913,0.45895013332324375
REACTOME_SIGNALING_BY_WNT_IN_CANCER,-1.2301241943299748,0.42319212079107055,0.8286610182269412,0.9633155828388389
REACTOME_SIGNALLING_TO_ERKS,0.769366867530475,0.9454181759973962,1.5554541800778876,0.3732209223272713
REACTOME_SIGNALLING_TO_RAS,0.7965273785642606,0.944840349276151,1.184950460266798,0.65581066647962
REACTOME_SIGNAL_REGULATORY_PROTEIN_FAMILY_INTERACTIONS,0.8672865702217056,0.9244667620305834,1.303850076145658,0.5003802234549267
REACTOME_SIGNAL_TRANSDUCTION_BY_L1,-1.051982708266556,0.6410107411988282,1.3563550348070474,0.4481476651997497
REACTOME_SLC_MEDIATED_TRANSMEMBRANE_TRANSPORT,-0.8055826797755741,0.9021208704470999,-1.6708617863436153,0.4722480472319563
REACTOME_SLC_TRANSPORTER_DISORDERS,0.8717685927904015,0.9257086175378461,-1.6586746523189184,0.4157747105612371
REACTOME_SMOOTH_MUSCLE_CONTRACTION,1.2157385276393677,0.5597464535509231,0.9163556913857749,0.9330757267601165
REACTOME_SOMITOGENESIS,-1.7332273516188288,0.0736173420472925,0.9108626949300955,0.9384463055101504
REACTOME_SPHINGOLIPID_METABOLISM,0.5933220909324266,0.9952650509351724,-1.1933857492626148,0.8001450320774579
REACTOME_SPOP_MEDIATED_PROTEASOMAL_DEGRADATION_OF_PD_L1_CD274,-2.20232209458468,0.011416945381626036,0.726520186283078,0.980639253745247
REACTOME_SPRY_REGULATION_OF_FGF_SIGNALING,-1.0092428023565458,0.6783530017524398,1.3591513911657511,0.45409337400712113
REACTOME_SRP_DEPENDENT_COTRANSLATIONAL_PROTEIN_TARGETING_TO_MEMBRANE,0.902774271133817,0.9067131855729677,1.0773314509506113,0.7603063002249999
REACTOME_STABILIZATION_OF_P53,-2.0303546294082184,0.01634698997823728,0.8481515822370993,0.9521182824219099
REACTOME_STIMULI_SENSING_CHANNELS,0.9180530560294249,0.8998350863636053,-0.6625089954429749,1.0
REACTOME_STRIATED_MUSCLE_CONTRACTION,1.2672512808159546,0.4843970720207895,-0.6848359485856736,1.0
REACTOME_SUMOYLATION,1.5494406352105679,0.16158136440348683,0.687869702794579,0.990639095416988
REACTOME_SUMOYLATION_OF_CHROMATIN_ORGANIZATION_PROTEINS,1.1787803080495507,0.5982843335485698,1.1626870543481902,0.6798939329694227
REACTOME_SUMOYLATION_OF_DNA_DAMAGE_RESPONSE_AND_REPAIR_PROTEINS,1.1985519617731288,0.573953280506751,1.5233486003949286,0.33826051591432504
REACTOME_SUMOYLATION_OF_DNA_REPLICATION_PROTEINS,1.0002240049972453,0.819590102686803,1.0865472850644586,0.7481082059568009
REACTOME_SWITCHING_OF_ORIGINS_TO_A_POST_REPLICATIVE_STATE,-1.9732603245141496,0.0163154320825264,0.8939474688418014,0.9412138176503644
REACTOME_SYNDECAN_INTERACTIONS,-1.0100351143310387,0.6904315498738272,1.1878088196592191,0.6522503501873945
REACTOME_SYNTHESIS_OF_ACTIVE_UBIQUITIN_ROLES_OF_E1_AND_E2_ENZYMES,-0.9962310409272279,0.6864772891524382,0.8705522449903033,0.9412638582914861
REACTOME_SYNTHESIS_OF_DNA,-1.6715127689136866,0.09649221671704271,0.7919799200728854,0.965114888764432
REACTOME_SYNTHESIS_OF_PA,0.715853966008849,0.9823301774846814,1.025259760192723,0.8239759642715989
REACTOME_SYNTHESIS_OF_PIPS_AT_THE_PLASMA_MEMBRANE,0.6881305899663168,0.9962344467731107,-1.1497396531293975,0.8595405532114394
REACTOME_SYNTHESIS_OF_SUBSTRATES_IN_N_GLYCAN_BIOSYTHESIS,-1.7107359037383905,0.07865230154630753,0.9619835073128579,0.9047417999648633
REACTOME_SYNTHESIS_SECRETION_AND_DEACYLATION_OF_GHRELIN,-0.881760244794972,0.806372571136885,-0.9088722774210787,0.9508519025086019
REACTOME_S_PHASE,-1.3947332642224042,0.2615222144356129,0.9938939661003398,0.8550895614369839
REACTOME_TAK1_DEPENDENT_IKK_AND_NF_KAPPA_B_ACTIVATION,0.6305785754448753,0.9960780296500055,1.501559272565465,0.3492456803547123
REACTOME_TBC_RABGAPS,-1.3451042136366964,0.2972454361414835,0.7143920984440519,0.9768163513439027
REACTOME_TCF_DEPENDENT_SIGNALING_IN_RESPONSE_TO_WNT,-1.5310548286801602,0.16410431867914727,1.3285719295016758,0.49403677118705724
REACTOME_TCR_SIGNALING,-1.4724239734732212,0.2061465654056215,0.6144300532816409,1.0
REACTOME_TGF_BETA_RECEPTOR_SIGNALING_ACTIVATES_SMADS,1.1433516506658505,0.6370497933614956,1.1168253208114667,0.722556296953425
REACTOME_THE_ROLE_OF_GTSE1_IN_G2_M_PROGRESSION_AFTER_G2_CHECKPOINT,-1.0545656871925633,0.6409104518380518,0.9282570038326786,0.9158035006956119
REACTOME_THE_ROLE_OF_NEF_IN_HIV_1_REPLICATION_AND_DISEASE_PATHOGENESIS,0.830162802002626,0.9390820004757167,1.5974658850105568,0.3359895330151421
REACTOME_TIE2_SIGNALING,0.8200598360428829,0.9306972748901762,1.0166634978583355,0.8263298049932569
REACTOME_TNFR1_INDUCED_NF_KAPPA_B_SIGNALING_PATHWAY,0.5369656903384556,0.994700201552626,1.0588928067850596,0.7895286503079786
REACTOME_TNFR2_NON_CANONICAL_NF_KB_PATHWAY,-1.789206019826099,0.058304264255712966,1.007343006914612,0.8389821076898074
REACTOME_TNF_SIGNALING,-0.7386021615694022,0.9390680146048498,0.9231166919016336,0.9249627141984141
REACTOME_TOLL_LIKE_RECEPTOR_9_TLR9_CASCADE,0.6291518535069122,0.994776333161712,1.4906685263476553,0.3667888600181987
REACTOME_TOLL_LIKE_RECEPTOR_CASCADES,1.463910885156739,0.24081128449151837,1.3978721628580653,0.4320546779463614
REACTOME_TOLL_LIKE_RECEPTOR_TLR1_TLR2_CASCADE,1.0264212869582958,0.7866857125356954,1.519570264611055,0.32607541935953555
REACTOME_TP53_REGULATES_METABOLIC_GENES,-1.4271686257960985,0.23530800137588828,1.3642744977441577,0.45634949178779255
REACTOME_TP53_REGULATES_TRANSCRIPTION_OF_CELL_CYCLE_GENES,-1.329399334536143,0.31306413859391047,-0.6636098423541781,1.0
REACTOME_TP53_REGULATES_TRANSCRIPTION_OF_CELL_DEATH_GENES,-0.5717340241518968,0.9936403675232581,0.6545365167529473,1.0
REACTOME_TRAFFICKING_OF_AMPA_RECEPTORS,-1.063961891567299,0.6448106693310766,1.2858409932601844,0.521400093804785
REACTOME_TRANSCRIPTIONAL_ACTIVATION_OF_MITOCHONDRIAL_BIOGENESIS,-1.030636487459987,0.6716867009999417,-1.6897925854073157,0.5510924641297237
REACTOME_TRANSCRIPTIONAL_ACTIVITY_OF_SMAD2_SMAD3_SMAD4_HETEROTRIMER,-1.0521823243630624,0.643381824421599,1.452599721492943,0.36376068679260043
REACTOME_TRANSCRIPTIONAL_AND_POST_TRANSLATIONAL_REGULATION_OF_MITF_M_EXPRESSION_AND_ACTIVITY,1.1200440475901488,0.6720090239799094,1.1523372820461555,0.6987399432237701
REACTOME_TRANSCRIPTIONAL_REGULATION_BY_MECP2,1.0062999858224595,0.8065102637114395,1.0257389530825929,0.8250093065448137
REACTOME_TRANSCRIPTIONAL_REGULATION_BY_RUNX1,-1.4053669729921148,0.2561503081200793,0.9491764053115076,0.9098097761938094
REACTOME_TRANSCRIPTIONAL_REGULATION_BY_RUNX2,-1.97825553635011,0.016513795998423376,1.1115564478287774,0.7231766982196765
REACTOME_TRANSCRIPTIONAL_REGULATION_BY_RUNX3,-1.5164625003868673,0.169256215282606,0.523941512803846,1.0
REACTOME_TRANSCRIPTIONAL_REGULATION_BY_TP53,-1.4587831897363654,0.21734624062656324,1.0167603714489377,0.8283239210161172
REACTOME_TRANSCRIPTIONAL_REGULATION_BY_VENTX,-0.6992114714121939,0.9629608350483112,1.3095383033254022,0.5015608970269974
REACTOME_TRANSCRIPTIONAL_REGULATION_OF_WHITE_ADIPOCYTE_DIFFERENTIATION,0.8704311301814239,0.9257183776350301,-1.0306180965109268,0.9738824960165159
REACTOME_TRANSCRIPTION_COUPLED_NUCLEOTIDE_EXCISION_REPAIR_TC_NER,1.1009031852450428,0.6925061992192785,0.8553334053343179,0.9490465445157832
REACTOME_TRANSLATION,-0.8409534670044334,0.8586583256118022,0.7368276720036577,0.9771410460501117
REACTOME_TRANSLATION_OF_SARS_COV_1_STRUCTURAL_PROTEINS,-1.2211347794159146,0.4321634717422157,1.051961277534298,0.7964805170238897
REACTOME_TRANSLATION_OF_SARS_COV_2_STRUCTURAL_PROTEINS,-1.4485428131190574,0.22270554642448154,0.7967578806644514,0.965576324663811
REACTOME_TRANSLOCATION_OF_SLC2A4_GLUT4_TO_THE_PLASMA_MEMBRANE,1.3154702786869632,0.4174050606625794,1.3531737546849496,0.45145784742085643
REACTOME_TRANSMISSION_ACROSS_CHEMICAL_SYNAPSES,0.9551399164675547,0.8532088727806059,0.867766697780494,0.9404436867256153
REACTOME_TRANSPORT_OF_MATURE_TRANSCRIPT_TO_CYTOPLASM,1.2915268205026067,0.44598486328949954,1.5815638968440584,0.34589865659626134
REACTOME_TRANSPORT_OF_SMALL_MOLECULES,0.8950063289191114,0.9132097754672421,0.5890237691985744,1.0
REACTOME_TRANSPORT_TO_THE_GOLGI_AND_SUBSEQUENT_MODIFICATION,1.4643622723403702,0.2426001306552049,1.0205838316195746,0.8250372020183853
REACTOME_TRANS_GOLGI_NETWORK_VESICLE_BUDDING,-1.1370324508458376,0.5444380717380142,0.928319987627972,0.9178138355617349
REACTOME_TRNA_PROCESSING,0.5366471627501475,0.9926704474392465,0.6210641141036455,1.0
REACTOME_TURBULENT_OSCILLATORY_DISTURBED_FLOW_SHEAR_STRESS_ACTIVATES_SIGNALING_BY_PIEZO1_AND_INTEGRINS_IN_ENDOTHELIAL_CELLS,-1.3952771429819344,0.2628729021449987,0.9444021146367956,0.9164533514089899
REACTOME_UBIQUITIN_DEPENDENT_DEGRADATION_OF_CYCLIN_D,-2.0649394440862388,0.015494425875063908,0.8262993515947668,0.9613640510670567
REACTOME_UBIQUITIN_MEDIATED_DEGRADATION_OF_PHOSPHORYLATED_CDC25A,-2.147117966923664,0.01070338629527441,0.9030392846585362,0.9398272869668203
REACTOME_UB_SPECIFIC_PROCESSING_PROTEASES,-2.032254101332876,0.016513795998423373,-1.0260169546481022,0.9672795740712098
REACTOME_UCH_PROTEINASES,-1.917597942921588,0.02318274187213509,0.7182299057119175,0.981385877858488
REACTOME_UNFOLDED_PROTEIN_RESPONSE_UPR,1.4365227707310457,0.2696170075847715,1.190646016861904,0.6603854596380594
REACTOME_UPTAKE_AND_ACTIONS_OF_BACTERIAL_TOXINS,-0.78298350855916,0.912741001464553,1.0394436346680562,0.8117304710071412
REACTOME_VEGFR2_MEDIATED_CELL_PROLIFERATION,-0.605674443352283,1.0,1.013462160440239,0.8278455211825558
REACTOME_VESICLE_MEDIATED_TRANSPORT,0.9680012144392746,0.8420616881795501,1.0341167721977746,0.812082684453972
REACTOME_VIF_MEDIATED_DEGRADATION_OF_APOBEC3G,-2.115592007991941,0.011131521747085385,0.7646953120899158,0.9739529528107366
REACTOME_VISUAL_PHOTOTRANSDUCTION,1.42127943893073,0.2842271131759369,-0.9873519065157706,0.9337278054880522
